Rk,Player,Season,Age,Tm,Lg,WS,G,GS,MP,FG,FGA,2P,2PA,3P,3PA,FT,FTA,ORB,DRB,TRB,AST,STL,BLK,TOV,PF,PTS,FG%,2P%,3P%,eFG%,FT%,TS%
1,Rudy Gobert\goberru01,2021-22,29,UTA,NBA,5.7,30,30,956,162,224,162,223,0,1,138,199,97,353,450,32,23,67,56,77,462,0.723,0.726,0,0.723,0.693,0.741
2,Nikola Jokić\jokicni01,2021-22,26,DEN,NBA,5.1,25,25,808,253,429,212,320,41,109,97,128,57,273,330,182,32,19,85,63,644,0.59,0.663,0.376,0.638,0.758,0.663
3,Jarrett Allen\allenja01,2021-22,23,CLE,NBA,5,28,28,913,191,272,190,266,1,6,87,121,91,211,302,55,25,38,55,52,470,0.702,0.714,0.167,0.704,0.719,0.723
4,Giannis Antetokounmpo\antetgi01,2021-22,27,MIL,NBA,4.7,26,26,849,248,469,220,369,28,100,179,263,53,248,301,151,29,41,86,79,703,0.529,0.596,0.28,0.559,0.681,0.601
5,Kevin Durant\duranke01,2021-22,33,BRK,NBA,4.6,27,27,1000,291,556,241,425,50,131,171,193,14,199,213,158,17,23,87,48,803,0.523,0.567,0.382,0.568,0.886,0.626
6,Chris Paul\paulch01,2021-22,36,PHO,NBA,4.5,30,30,959,160,327,132,242,28,85,82,100,7,111,118,301,59,9,70,64,430,0.489,0.545,0.329,0.532,0.82,0.58
7,Stephen Curry\curryst01,2021-22,33,GSW,NBA,4.4,29,29,998,257,595,103,206,154,389,117,127,20,137,157,174,45,15,99,57,785,0.432,0.5,0.396,0.561,0.921,0.603
8,Domantas Sabonis\sabondo01,2021-22,25,IND,NBA,4.4,32,31,1085,221,379,199,302,22,77,115,151,102,269,371,133,34,11,95,101,579,0.583,0.659,0.286,0.612,0.762,0.65
9,Karl-Anthony Towns\townska01,2021-22,26,MIN,NBA,4.1,30,30,1034,259,508,187,339,72,169,144,174,85,189,274,107,31,34,105,111,734,0.51,0.552,0.426,0.581,0.828,0.628
10,John Collins\collijo01,2021-22,24,ATL,NBA,4,30,30,980,198,357,159,261,39,96,92,115,56,185,241,63,22,37,34,90,527,0.555,0.609,0.406,0.609,0.8,0.646
11,Montrezl Harrell\harremo01,2021-22,28,WAS,NBA,4,31,3,799,170,265,167,256,3,9,105,144,69,165,234,68,16,20,38,60,448,0.642,0.652,0.333,0.647,0.729,0.682
12,DeMar DeRozan\derozde01,2021-22,32,CHI,NBA,3.8,26,26,913,249,498,229,438,20,60,179,200,16,118,134,110,23,9,52,58,697,0.5,0.523,0.333,0.52,0.895,0.595
13,Trae Young\youngtr01,2021-22,23,ATL,NBA,3.6,29,29,990,275,598,197,391,78,207,163,183,24,93,117,269,30,3,118,49,791,0.46,0.504,0.377,0.525,0.891,0.583
14,Ivica Zubac\zubaciv01,2021-22,24,LAC,NBA,3.6,32,32,796,115,172,115,172,0,0,79,106,79,175,254,36,18,37,42,76,309,0.669,0.669,,0.669,0.745,0.707
15,Jimmy Butler\butleji01,2021-22,32,MIA,NBA,3.5,18,18,607,139,273,133,242,6,31,127,149,29,75,104,94,39,5,35,29,411,0.509,0.55,0.194,0.52,0.852,0.607
16,Clint Capela\capelca01,2021-22,27,ATL,NBA,3.5,29,29,864,149,259,149,258,0,1,35,71,115,256,371,40,26,45,18,68,333,0.575,0.578,0,0.575,0.493,0.574
17,Donovan Mitchell\mitchdo01,2021-22,25,UTA,NBA,3.5,29,29,944,269,589,176,316,93,273,95,110,25,85,110,146,47,6,87,68,726,0.457,0.557,0.341,0.536,0.864,0.57
18,Anthony Davis\davisan02,2021-22,28,LAL,NBA,3.4,27,27,955,251,482,241,426,10,56,117,161,74,193,267,77,32,55,60,63,629,0.521,0.566,0.179,0.531,0.727,0.569
19,Jonas Valančiūnas\valanjo01,2021-22,29,NOP,NBA,3.4,32,32,1011,232,441,199,368,33,73,99,121,114,271,385,77,19,31,73,101,596,0.526,0.541,0.452,0.563,0.818,0.603
20,Mikal Bridges\bridgmi01,2021-22,25,PHO,NBA,3.2,30,30,1028,147,285,108,184,39,101,37,43,28,91,119,56,41,16,22,62,370,0.516,0.587,0.386,0.584,0.86,0.609
21,Mike Conley\conlemi01,2021-22,34,UTA,NBA,3.2,27,27,757,134,281,65,125,69,156,34,41,11,53,64,146,30,8,45,52,371,0.477,0.52,0.442,0.6,0.829,0.62
22,Bojan Bogdanović\bogdabo02,2021-22,32,UTA,NBA,3.1,30,30,893,174,367,95,181,79,186,88,99,24,87,111,49,14,1,43,48,515,0.474,0.525,0.425,0.582,0.889,0.627
23,Pat Connaughton\connapa01,2021-22,29,MIL,NBA,3.1,33,13,960,142,296,56,84,86,212,26,33,28,127,155,45,37,11,25,45,396,0.48,0.667,0.406,0.625,0.788,0.638
24,Draymond Green\greendr01,2021-22,31,GSW,NBA,3.1,29,29,882,98,177,89,146,9,31,40,67,34,199,233,214,39,30,90,82,245,0.554,0.61,0.29,0.579,0.597,0.593
25,Mitchell Robinson\robinmi01,2021-22,23,NYK,NBA,3.1,28,20,677,84,110,84,110,0,0,36,58,91,128,219,15,14,48,15,76,204,0.764,0.764,,0.764,0.621,0.753
26,Myles Turner\turnemy01,2021-22,25,IND,NBA,3.1,31,31,909,144,278,91,134,53,144,56,75,46,184,230,31,18,89,40,79,397,0.518,0.679,0.368,0.613,0.747,0.638
27,Fred VanVleet\vanvlfr01,2021-22,27,TOR,NBA,3,28,28,1060,197,454,102,215,95,239,73,84,21,121,142,187,45,16,85,70,562,0.434,0.474,0.397,0.539,0.869,0.572
28,Robert Williams\williro04,2021-22,24,BOS,NBA,3,24,24,673,104,140,104,140,0,0,27,44,85,115,200,34,18,40,29,43,235,0.743,0.743,,0.743,0.614,0.737
29,Deandre Ayton\aytonde01,2021-22,23,PHO,NBA,2.9,22,22,676,165,264,164,258,1,6,40,60,62,186,248,36,18,17,40,49,371,0.625,0.636,0.167,0.627,0.667,0.639
30,Darius Garland\garlada01,2021-22,22,CLE,NBA,2.9,30,30,1031,219,459,141,257,78,202,66,73,12,78,90,218,40,3,112,52,582,0.477,0.549,0.386,0.562,0.904,0.593
31,James Harden\hardeja01,2021-22,32,BRK,NBA,2.9,26,26,942,154,381,90,191,64,190,170,192,23,183,206,250,36,17,130,62,542,0.404,0.471,0.337,0.488,0.885,0.582
32,Zach LaVine\lavinza01,2021-22,26,CHI,NBA,2.9,27,27,948,257,525,178,323,79,202,110,130,9,134,143,114,14,9,72,43,703,0.49,0.551,0.391,0.565,0.846,0.604
33,Andrew Wiggins\wiggian01,2021-22,26,GSW,NBA,2.9,29,29,901,202,411,137,257,65,154,73,103,36,95,131,52,23,18,46,52,542,0.491,0.533,0.422,0.571,0.709,0.594
34,Scottie Barnes\barnesc01,2021-22,20,TOR,NBA,2.7,27,27,973,170,344,149,285,21,59,61,84,81,142,223,92,29,26,50,77,422,0.494,0.523,0.356,0.525,0.726,0.554
35,Jalen Brunson\brunsja01,2021-22,25,DAL,NBA,2.7,29,11,873,174,349,143,256,31,93,66,86,17,95,112,152,24,2,46,58,445,0.499,0.559,0.333,0.543,0.767,0.575
36,Joel Embiid\embiijo01,2021-22,27,PHI,NBA,2.7,20,20,669,157,348,132,278,25,70,163,203,31,186,217,87,23,28,54,55,502,0.451,0.475,0.357,0.487,0.803,0.574
37,LeBron James\jamesle01,2021-22,37,LAL,NBA,2.7,20,20,740,198,388,145,236,53,152,78,101,13,119,132,131,34,19,72,46,527,0.51,0.614,0.349,0.579,0.772,0.609
38,Dejounte Murray\murrade01,2021-22,25,SAS,NBA,2.7,30,30,1029,228,511,186,390,42,121,46,67,34,219,253,259,60,11,72,60,544,0.446,0.477,0.347,0.487,0.687,0.503
39,Jusuf Nurkić\nurkiju01,2021-22,27,POR,NBA,2.7,32,32,818,163,286,158,261,5,25,93,127,74,244,318,76,34,16,70,104,424,0.57,0.605,0.2,0.579,0.732,0.62
40,Malcolm Brogdon\brogdma01,2021-22,29,IND,NBA,2.6,26,26,891,174,390,128,242,46,148,100,117,24,115,139,158,23,11,58,54,494,0.446,0.529,0.311,0.505,0.855,0.559
41,Isaiah Hartenstein\harteis01,2021-22,23,LAC,NBA,2.6,29,0,477,94,142,92,139,2,3,32,49,53,83,136,54,24,37,29,74,222,0.662,0.662,0.667,0.669,0.653,0.679
42,Richaun Holmes\holmeri01,2021-22,28,SAC,NBA,2.6,23,23,613,132,187,130,183,2,4,46,57,61,151,212,30,6,22,34,69,312,0.706,0.71,0.5,0.711,0.807,0.736
43,Al Horford\horfoal01,2021-22,35,BOS,NBA,2.6,24,24,711,107,236,76,131,31,105,48,56,37,151,188,85,18,37,25,54,293,0.453,0.58,0.295,0.519,0.857,0.562
44,Kyle Lowry\lowryky01,2021-22,35,MIA,NBA,2.6,30,30,1034,139,329,75,132,64,197,68,82,17,123,140,249,31,11,97,78,410,0.422,0.568,0.325,0.52,0.829,0.562
45,Royce O'Neale\onealro01,2021-22,28,UTA,NBA,2.6,28,28,863,78,162,35,53,43,109,18,25,27,118,145,70,40,18,30,63,217,0.481,0.66,0.394,0.614,0.72,0.627
46,Harrison Barnes\barneha02,2021-22,29,SAC,NBA,2.5,28,28,953,150,332,96,194,54,138,136,161,35,144,179,69,24,3,52,36,490,0.452,0.495,0.391,0.533,0.845,0.608
47,JaVale McGee\mcgeeja01,2021-22,34,PHO,NBA,2.5,30,8,479,140,212,139,208,1,4,44,64,77,150,227,19,11,24,46,77,325,0.66,0.668,0.25,0.663,0.688,0.677
48,Jayson Tatum\tatumja01,2021-22,23,BOS,NBA,2.5,32,32,1171,288,688,200,418,88,270,156,190,36,240,276,120,32,24,90,81,820,0.419,0.478,0.326,0.483,0.821,0.531
49,P.J. Tucker\tuckepj01,2021-22,36,MIA,NBA,2.5,31,31,877,94,186,54,98,40,88,16,21,52,121,173,66,22,10,29,73,244,0.505,0.551,0.455,0.613,0.762,0.625
50,Desmond Bane\banede01,2021-22,23,MEM,NBA,2.4,32,32,932,202,433,115,222,87,211,38,41,17,123,140,71,30,13,44,78,529,0.467,0.518,0.412,0.567,0.927,0.586
51,Miles Bridges\bridgmi02,2021-22,23,CHO,NBA,2.4,33,33,1204,245,518,181,318,64,200,101,130,43,198,241,124,38,28,64,84,655,0.473,0.569,0.32,0.535,0.777,0.569
52,Daniel Gafford\gaffoda01,2021-22,23,WAS,NBA,2.4,28,28,601,108,165,108,165,0,0,36,50,61,117,178,29,13,51,30,73,252,0.655,0.655,,0.655,0.72,0.674
53,Jrue Holiday\holidjr01,2021-22,31,MIL,NBA,2.4,26,25,849,189,391,145,267,44,124,35,52,21,94,115,171,37,12,67,51,457,0.483,0.543,0.355,0.54,0.673,0.552
54,Kevon Looney\looneke01,2021-22,25,GSW,NBA,2.4,31,31,580,75,138,75,137,0,1,31,53,71,124,195,40,14,24,20,76,181,0.543,0.547,0,0.543,0.585,0.561
55,Tyrese Maxey\maxeyty01,2021-22,21,PHI,NBA,2.4,28,28,969,180,375,147,286,33,89,84,96,11,87,98,131,20,17,38,66,477,0.48,0.514,0.371,0.524,0.875,0.572
56,Evan Mobley\mobleev01,2021-22,20,CLE,NBA,2.4,25,25,840,136,287,122,245,14,42,58,75,43,165,208,62,23,46,41,53,344,0.474,0.498,0.333,0.498,0.773,0.538
57,Gary Payton II\paytoga02,2021-22,29,GSW,NBA,2.4,30,1,431,82,126,65,82,17,44,21,34,32,63,95,20,38,7,14,48,202,0.651,0.793,0.386,0.718,0.618,0.717
58,Bobby Portis\portibo01,2021-22,26,MIL,NBA,2.4,25,21,711,149,315,102,198,47,117,46,58,71,154,225,35,23,25,40,63,391,0.473,0.515,0.402,0.548,0.793,0.574
59,Gary Trent\trentga02,2021-22,23,TOR,NBA,2.4,27,26,933,169,389,95,196,74,193,41,47,11,71,82,54,59,8,24,56,453,0.434,0.485,0.383,0.53,0.872,0.553
60,Jarred Vanderbilt\vandeja01,2021-22,22,MIN,NBA,2.4,29,22,720,74,131,72,122,2,9,27,37,91,157,248,34,44,23,31,81,177,0.565,0.59,0.222,0.573,0.73,0.601
61,Steven Adams\adamsst01,2021-22,28,MEM,NBA,2.3,32,32,810,83,159,83,159,0,0,59,95,127,162,289,88,30,18,54,51,225,0.522,0.522,,0.522,0.621,0.56
62,LaMarcus Aldridge\aldrila01,2021-22,36,BRK,NBA,2.3,25,8,590,149,260,138,230,11,30,40,48,35,107,142,23,10,29,19,42,349,0.573,0.6,0.367,0.594,0.833,0.621
63,Grayson Allen\allengr01,2021-22,26,MIL,NBA,2.3,30,30,875,135,309,45,93,90,216,32,37,14,93,107,37,24,11,22,45,392,0.437,0.484,0.417,0.583,0.865,0.603
64,Wendell Carter\cartewe01,2021-22,22,ORL,NBA,2.3,30,30,865,148,295,109,182,39,113,44,62,63,235,298,75,18,19,43,76,379,0.502,0.599,0.345,0.568,0.71,0.588
65,Seth Curry\curryse01,2021-22,31,PHI,NBA,2.3,28,28,969,174,332,114,183,60,149,54,62,13,71,84,87,23,5,48,67,462,0.524,0.623,0.403,0.614,0.871,0.643
66,Aaron Gordon\gordoaa01,2021-22,26,DEN,NBA,2.3,30,30,970,160,310,129,220,31,90,70,94,54,111,165,68,18,21,48,58,421,0.516,0.586,0.344,0.566,0.745,0.599
67,Tyrese Haliburton\halibty01,2021-22,21,SAC,NBA,2.3,31,31,1052,157,342,99,201,58,141,33,42,29,97,126,199,56,25,70,44,405,0.459,0.493,0.411,0.544,0.786,0.562
68,Damian Lillard\lillada01,2021-22,31,POR,NBA,2.3,26,26,951,202,499,119,245,83,254,132,148,13,95,108,196,16,10,73,34,619,0.405,0.486,0.327,0.488,0.892,0.549
69,Kevin Love\loveke01,2021-22,33,CLE,NBA,2.3,24,0,482,92,215,42,88,50,127,64,68,27,149,176,48,7,6,27,30,298,0.428,0.477,0.394,0.544,0.941,0.608
70,Terance Mann\mannte01,2021-22,25,LAC,NBA,2.3,31,7,898,118,246,87,160,31,86,48,61,46,121,167,74,18,3,33,73,315,0.48,0.544,0.36,0.543,0.787,0.577
71,Jordan Poole\poolejo01,2021-22,22,GSW,NBA,2.3,28,28,860,173,391,99,172,74,219,80,88,8,88,96,96,29,6,69,81,500,0.442,0.576,0.338,0.537,0.909,0.582
72,LaMelo Ball\ballla01,2021-22,20,CHO,NBA,2.2,27,27,885,195,465,118,268,77,197,71,78,45,160,205,221,49,12,86,87,538,0.419,0.44,0.391,0.502,0.91,0.539
73,Dorian Finney-Smith\finnedo01,2021-22,28,DAL,NBA,2.2,30,30,977,113,251,57,102,56,149,21,33,51,91,142,57,43,14,30,68,303,0.45,0.559,0.376,0.562,0.636,0.571
74,Luke Kennard\kennalu01,2021-22,25,LAC,NBA,2.2,31,6,898,127,291,40,98,87,193,21,22,6,104,110,62,23,2,25,46,362,0.436,0.408,0.451,0.586,0.955,0.602
75,Ja Morant\moranja01,2021-22,22,MEM,NBA,2.2,20,20,647,176,369,144,281,32,88,90,117,26,86,112,137,32,6,64,27,474,0.477,0.512,0.364,0.52,0.769,0.564
76,Kristaps Porziņģis\porzikr01,2021-22,26,DAL,NBA,2.2,22,22,657,151,345,117,225,34,120,90,100,47,126,173,44,16,35,30,53,426,0.438,0.52,0.283,0.487,0.9,0.548
77,Lonzo Ball\balllo01,2021-22,24,CHI,NBA,2.1,29,29,1031,138,330,48,115,90,215,17,22,28,129,157,145,52,29,71,70,383,0.418,0.417,0.419,0.555,0.773,0.564
78,Devin Booker\bookede01,2021-22,25,PHO,NBA,2.1,23,23,734,194,424,134,281,60,143,80,93,19,99,118,106,21,5,63,55,528,0.458,0.477,0.42,0.528,0.86,0.568
79,Alex Caruso\carusal01,2021-22,27,CHI,NBA,2.1,26,9,729,73,163,45,86,28,77,44,53,25,72,97,103,53,9,39,66,218,0.448,0.523,0.364,0.534,0.83,0.585
80,Dewayne Dedmon\dedmode01,2021-22,32,MIA,NBA,2.1,32,14,562,84,144,72,125,12,19,32,42,60,140,200,29,13,15,31,71,212,0.583,0.576,0.632,0.625,0.762,0.652
81,Joe Ingles\inglejo01,2021-22,34,UTA,NBA,2.1,30,6,745,81,184,22,35,59,149,10,13,12,81,93,104,15,4,33,53,231,0.44,0.629,0.396,0.601,0.769,0.609
82,Cody Martin\martico01,2021-22,26,CHO,NBA,2.1,29,5,799,101,197,67,130,34,67,37,50,41,88,129,77,40,16,22,50,273,0.513,0.515,0.507,0.599,0.74,0.623
83,Jakob Poeltl\poeltja01,2021-22,26,SAS,NBA,2.1,23,22,669,130,216,130,216,0,0,20,55,97,103,200,63,15,37,36,72,280,0.602,0.602,,0.602,0.364,0.583
84,Carmelo Anthony\anthoca01,2021-22,37,LAL,NBA,2,32,3,873,142,337,65,145,77,192,63,77,23,106,129,31,23,22,25,73,424,0.421,0.448,0.401,0.536,0.818,0.572
85,Alec Burks\burksal01,2021-22,30,NYK,NBA,2,30,11,816,104,269,46,124,58,145,79,95,13,110,123,69,33,8,27,65,345,0.387,0.371,0.4,0.494,0.832,0.555
86,Tyus Jones\jonesty01,2021-22,25,MEM,NBA,2,31,12,665,93,202,62,126,31,76,24,27,8,74,82,131,28,2,24,13,241,0.46,0.492,0.408,0.537,0.889,0.563
87,Derrick White\whitede01,2021-22,27,SAS,NBA,2,30,30,930,150,362,106,199,44,163,78,89,16,95,111,149,36,25,45,65,422,0.414,0.533,0.27,0.475,0.876,0.526
88,Hassan Whiteside\whiteha01,2021-22,32,UTA,NBA,2,28,0,426,83,136,83,136,0,0,42,59,62,124,186,8,6,38,29,81,208,0.61,0.61,,0.61,0.712,0.642
89,Bam Adebayo\adebaba01,2021-22,24,MIA,NBA,1.9,18,18,592,126,243,126,242,0,1,85,112,49,134,183,57,20,6,53,59,337,0.519,0.521,0,0.519,0.759,0.577
90,Jae Crowder\crowdja01,2021-22,31,PHO,NBA,1.9,30,30,837,97,237,41,78,56,159,32,40,12,128,140,41,33,15,28,70,282,0.409,0.526,0.352,0.527,0.8,0.554
91,Josh Hart\hartjo01,2021-22,26,NOP,NBA,1.9,25,24,797,109,211,90,151,19,60,54,69,30,147,177,108,23,8,46,71,291,0.517,0.596,0.317,0.562,0.783,0.603
92,Gordon Hayward\haywago01,2021-22,31,CHO,NBA,1.9,32,32,1079,200,434,141,285,59,149,108,126,26,126,152,122,24,19,60,54,567,0.461,0.495,0.396,0.529,0.857,0.579
93,Jaren Jackson\jacksja02,2021-22,22,MEM,NBA,1.9,31,31,841,174,410,112,227,62,183,97,114,34,129,163,30,28,57,51,108,507,0.424,0.493,0.339,0.5,0.851,0.551
94,Cameron Johnson\johnsca02,2021-22,25,PHO,NBA,1.9,30,0,730,108,254,41,92,67,162,29,37,13,104,117,37,24,8,22,48,312,0.425,0.446,0.414,0.557,0.784,0.577
95,Patty Mills\millspa02,2021-22,33,BRK,NBA,1.9,30,16,905,146,330,51,109,95,221,22,25,9,52,61,74,18,7,32,40,409,0.442,0.468,0.43,0.586,0.88,0.6
96,Cedi Osman\osmande01,2021-22,26,CLE,NBA,1.9,26,0,583,105,232,45,81,60,151,29,41,11,59,70,47,27,8,25,48,299,0.453,0.556,0.397,0.582,0.707,0.598
97,Dwight Powell\poweldw01,2021-22,30,DAL,NBA,1.9,30,27,578,65,113,57,92,8,21,36,49,59,76,135,34,12,14,22,72,174,0.575,0.62,0.381,0.611,0.735,0.647
98,Patrick Beverley\beverpa01,2021-22,33,MIN,NBA,1.8,22,18,583,72,161,45,77,27,84,21,30,27,71,98,104,20,20,25,67,192,0.447,0.584,0.321,0.531,0.7,0.551
99,Shai Gilgeous-Alexander\gilgesh01,2021-22,23,OKC,NBA,1.8,27,27,947,202,489,153,318,49,171,136,165,16,114,130,139,27,18,61,58,589,0.413,0.481,0.287,0.463,0.824,0.524
100,Monte Morris\morrimo01,2021-22,26,DEN,NBA,1.8,30,30,899,161,328,112,200,49,128,18,23,7,74,81,128,23,5,38,44,389,0.491,0.56,0.383,0.566,0.783,0.575
101,Otto Porter\porteot01,2021-22,28,GSW,NBA,1.8,26,0,516,71,156,30,52,41,104,15,19,18,106,124,27,20,12,16,34,198,0.455,0.577,0.394,0.587,0.789,0.602
102,Norman Powell\powelno01,2021-22,28,POR,NBA,1.8,28,28,902,172,369,111,222,61,147,99,121,8,69,77,59,26,12,44,61,504,0.466,0.5,0.415,0.549,0.818,0.597
103,Marcus Smart\smartma01,2021-22,27,BOS,NBA,1.8,31,31,1059,117,302,77,161,40,141,57,76,18,102,120,170,64,8,59,75,331,0.387,0.478,0.284,0.454,0.75,0.493
104,Grant Williams\willigr01,2021-22,23,BOS,NBA,1.8,28,9,618,70,137,27,42,43,95,26,30,16,78,94,29,11,17,18,57,209,0.511,0.643,0.453,0.668,0.867,0.696
105,Larry Nance\nancela02,2021-22,29,POR,NBA,1.7,32,6,706,83,157,68,106,15,51,24,40,48,131,179,54,33,12,26,53,205,0.529,0.642,0.294,0.576,0.6,0.587
106,Julius Randle\randlju01,2021-22,27,NYK,NBA,1.7,31,31,1102,216,513,160,343,56,170,121,154,52,251,303,162,23,20,109,91,609,0.421,0.466,0.329,0.476,0.786,0.524
107,Christian Wood\woodch01,2021-22,26,HOU,NBA,1.7,30,30,946,191,413,144,270,47,143,81,136,59,271,330,64,17,30,55,77,510,0.462,0.533,0.329,0.519,0.596,0.539
108,Andre Drummond\drumman01,2021-22,28,PHI,NBA,1.6,29,11,571,72,143,72,142,0,1,31,55,86,185,271,56,30,31,49,72,175,0.503,0.507,0,0.503,0.564,0.523
109,Anthony Edwards\edwaran01,2021-22,20,MIN,NBA,1.6,28,28,1006,227,523,140,281,87,242,78,99,33,128,161,100,44,20,91,64,619,0.434,0.498,0.36,0.517,0.788,0.546
110,Tim Hardaway\hardati02,2021-22,29,DAL,NBA,1.6,29,20,919,153,391,80,171,73,220,52,70,11,105,116,70,29,4,19,55,431,0.391,0.468,0.332,0.485,0.743,0.511
111,Keldon Johnson\johnske04,2021-22,22,SAS,NBA,1.6,29,29,892,167,350,124,258,43,92,58,88,34,155,189,51,26,4,38,48,435,0.477,0.481,0.467,0.539,0.659,0.56
112,Ricky Rubio\rubiori01,2021-22,31,CLE,NBA,1.6,32,6,910,133,373,79,212,54,161,82,97,13,113,126,210,44,5,87,72,402,0.357,0.373,0.335,0.429,0.845,0.484
113,Max Strus\strusma01,2021-22,25,MIA,NBA,1.6,25,1,547,89,194,32,53,57,141,22,30,9,74,83,27,9,2,14,38,257,0.459,0.604,0.404,0.606,0.733,0.62
114,Mo Bamba\bambamo01,2021-22,23,ORL,NBA,1.5,27,27,774,113,247,78,139,35,108,18,25,63,169,232,46,21,60,38,69,279,0.457,0.561,0.324,0.528,0.72,0.541
115,Nemanja Bjelica\bjeline01,2021-22,33,GSW,NBA,1.5,31,0,455,75,162,45,87,30,75,25,37,30,88,118,52,21,10,35,47,205,0.463,0.517,0.4,0.556,0.676,0.575
116,Luka Dončić\doncilu01,2021-22,22,DAL,NBA,1.5,21,21,735,200,447,143,272,57,175,81,116,17,151,168,178,22,11,96,53,538,0.447,0.526,0.326,0.511,0.698,0.54
117,Danilo Gallinari\gallida01,2021-22,33,ATL,NBA,1.5,26,0,568,80,193,39,95,41,98,48,52,14,89,103,35,13,6,12,36,249,0.415,0.411,0.418,0.521,0.923,0.577
118,Tobias Harris\harrito02,2021-22,29,PHI,NBA,1.5,22,22,761,157,340,128,250,29,90,70,83,23,146,169,74,8,12,36,38,413,0.462,0.512,0.322,0.504,0.843,0.548
119,Brandon Ingram\ingrabr01,2021-22,24,NOP,NBA,1.5,25,25,892,217,480,172,354,45,126,109,135,19,138,157,125,16,9,73,51,588,0.452,0.486,0.357,0.499,0.807,0.545
120,Derrick Jones\jonesde02,2021-22,24,CHI,NBA,1.5,23,2,412,58,101,50,75,8,26,30,36,30,48,78,12,12,21,12,52,154,0.574,0.667,0.308,0.614,0.833,0.659
121,Lauri Markkanen\markkla01,2021-22,24,CLE,NBA,1.5,23,23,697,110,275,62,125,48,150,40,48,26,94,120,29,17,10,19,36,308,0.4,0.496,0.32,0.487,0.833,0.52
122,T.J. McConnell\mccontj01,2021-22,29,IND,NBA,1.5,24,6,581,91,181,84,156,7,25,12,15,19,61,80,115,25,9,28,43,201,0.503,0.538,0.28,0.522,0.8,0.536
123,Josh Richardson\richajo01,2021-22,28,BOS,NBA,1.5,22,0,555,84,177,52,98,32,79,35,43,13,50,63,30,16,10,16,44,235,0.475,0.531,0.405,0.565,0.814,0.6
124,Duncan Robinson\robindu01,2021-22,27,MIA,NBA,1.5,32,32,912,128,334,34,62,94,272,20,26,12,98,110,48,24,8,26,89,370,0.383,0.548,0.346,0.524,0.769,0.536
125,D'Angelo Russell\russeda01,2021-22,25,MIN,NBA,1.5,26,26,852,167,434,92,206,75,228,77,96,11,89,100,168,24,16,68,55,486,0.385,0.447,0.329,0.471,0.802,0.51
126,Alperen Şengün\sengual01,2021-22,19,HOU,NBA,1.5,31,2,581,97,196,86,159,11,37,79,111,52,98,150,85,31,24,61,94,284,0.495,0.541,0.297,0.523,0.712,0.58
127,Jae'Sean Tate\tateja01,2021-22,26,HOU,NBA,1.5,32,32,880,151,310,125,223,26,87,59,83,56,128,184,101,30,19,62,115,387,0.487,0.561,0.299,0.529,0.711,0.558
128,Franz Wagner\wagnefr01,2021-22,20,ORL,NBA,1.5,32,32,1031,183,413,141,294,42,119,68,84,40,111,151,91,35,15,44,76,476,0.443,0.48,0.353,0.494,0.81,0.529
129,Nicolas Batum\batumni01,2021-22,33,LAC,NBA,1.4,18,15,464,57,113,20,25,37,88,5,10,8,73,81,27,21,13,16,21,156,0.504,0.8,0.42,0.668,0.5,0.664
130,Brandon Clarke\clarkbr01,2021-22,25,MEM,NBA,1.4,19,0,304,64,105,63,94,1,11,18,27,33,50,83,26,7,17,8,33,147,0.61,0.67,0.091,0.614,0.667,0.629
131,De'Aaron Fox\foxde01,2021-22,24,SAC,NBA,1.4,29,29,993,230,505,199,387,31,118,126,170,15,91,106,146,40,13,79,81,617,0.455,0.514,0.263,0.486,0.741,0.532
132,George Hill\hillge01,2021-22,35,MIL,NBA,1.4,27,12,712,74,164,51,89,23,75,33,35,23,69,92,68,21,3,30,43,204,0.451,0.573,0.307,0.521,0.943,0.569
133,Dwight Howard\howardw01,2021-22,36,LAL,NBA,1.4,25,3,378,45,72,39,64,6,8,28,46,39,95,134,12,21,17,23,45,124,0.625,0.609,0.75,0.667,0.609,0.672
134,John Konchar\konchjo01,2021-22,25,MEM,NBA,1.4,30,0,467,49,92,30,51,19,41,10,18,30,75,105,38,22,5,14,35,127,0.533,0.588,0.463,0.636,0.556,0.636
135,Kenyon Martin\martike04,2021-22,21,HOU,NBA,1.4,31,0,563,101,185,84,133,17,52,29,49,25,82,107,42,13,14,15,36,248,0.546,0.632,0.327,0.592,0.592,0.6
136,Khris Middleton\middlkh01,2021-22,30,MIL,NBA,1.4,22,22,678,135,328,88,192,47,136,80,91,14,109,123,109,24,3,65,47,397,0.412,0.458,0.346,0.483,0.879,0.539
137,Isaac Okoro\okorois01,2021-22,21,CLE,NBA,1.4,23,19,663,79,178,57,105,22,73,35,46,31,61,92,40,20,6,25,53,215,0.444,0.543,0.301,0.506,0.761,0.542
138,Kelly Oubre\oubreke01,2021-22,26,CHO,NBA,1.4,33,10,958,199,440,106,190,93,250,47,72,37,97,134,43,36,10,35,86,538,0.452,0.558,0.372,0.558,0.653,0.57
139,Derrick Rose\rosede01,2021-22,33,NYK,NBA,1.4,26,4,636,122,274,85,182,37,92,30,31,21,57,78,103,22,12,39,15,311,0.445,0.467,0.402,0.513,0.968,0.541
140,Pascal Siakam\siakapa01,2021-22,27,TOR,NBA,1.4,17,17,586,125,266,107,206,18,60,57,77,32,97,129,63,11,14,37,56,325,0.47,0.519,0.3,0.504,0.74,0.542
141,Isaiah Stewart\stewais01,2021-22,20,DET,NBA,1.4,28,28,729,94,177,92,164,2,13,32,47,74,161,235,31,12,31,34,78,222,0.531,0.561,0.154,0.537,0.681,0.562
142,Devin Vassell\vassede01,2021-22,21,SAS,NBA,1.4,25,1,612,107,233,67,122,40,111,21,29,20,77,97,36,25,19,16,45,275,0.459,0.549,0.36,0.545,0.724,0.559
143,Russell Westbrook\westbru01,2021-22,33,LAL,NBA,1.4,32,32,1152,237,521,200,401,37,120,114,174,41,208,249,261,38,9,148,97,625,0.455,0.499,0.308,0.49,0.655,0.523
144,Kyle Anderson\anderky01,2021-22,28,MEM,NBA,1.3,28,3,615,90,210,69,152,21,58,30,47,26,126,152,73,32,16,28,39,231,0.429,0.454,0.362,0.479,0.638,0.501
145,Deni Avdija\avdijde01,2021-22,21,WAS,NBA,1.3,31,2,672,78,175,52,95,26,80,28,40,24,127,151,40,22,23,22,66,210,0.446,0.547,0.325,0.52,0.7,0.545
146,Jaylen Brown\brownja02,2021-22,25,BOS,NBA,1.3,18,18,592,144,312,93,181,51,131,65,84,13,83,96,48,22,8,49,47,404,0.462,0.514,0.389,0.543,0.774,0.579
147,Jordan Clarkson\clarkjo01,2021-22,29,UTA,NBA,1.3,30,0,752,160,416,81,157,79,259,46,57,23,75,98,62,21,7,38,48,445,0.385,0.516,0.305,0.48,0.807,0.504
148,Luguentz Dort\dortlu01,2021-22,22,OKC,NBA,1.3,28,28,911,166,390,93,174,73,216,75,90,21,91,112,49,24,10,47,82,480,0.426,0.534,0.338,0.519,0.833,0.559
149,Paul George\georgpa01,2021-22,31,LAC,NBA,1.3,26,26,924,234,556,164,339,70,217,103,117,11,174,185,142,53,10,109,65,641,0.421,0.484,0.323,0.484,0.88,0.528
150,Devonte' Graham\grahade01,2021-22,26,NOP,NBA,1.3,29,29,904,133,352,46,116,87,236,42,53,15,57,72,130,35,4,47,40,395,0.378,0.397,0.369,0.501,0.792,0.526
151,Jerami Grant\grantje01,2021-22,27,DET,NBA,1.3,24,24,797,158,382,116,255,42,127,124,146,23,93,116,62,27,27,51,54,482,0.414,0.455,0.331,0.469,0.849,0.54
152,Jeff Green\greenje02,2021-22,35,DEN,NBA,1.3,30,21,755,103,210,78,137,25,73,65,80,12,80,92,37,8,14,31,69,296,0.49,0.569,0.342,0.55,0.813,0.604
153,DeAndre Jordan\jordade01,2021-22,33,LAL,NBA,1.3,26,18,350,54,80,54,80,0,0,9,15,41,110,151,8,9,23,19,46,117,0.675,0.675,,0.675,0.6,0.676
154,Nassir Little\littlna01,2021-22,21,POR,NBA,1.3,27,8,639,82,172,58,92,24,80,41,54,37,109,146,30,19,22,26,56,229,0.477,0.63,0.3,0.547,0.759,0.585
155,Caleb Martin\martica02,2021-22,26,MIA,NBA,1.3,23,2,450,66,135,46,82,20,53,23,36,19,54,73,22,20,13,13,34,175,0.489,0.561,0.377,0.563,0.639,0.58
156,De'Anthony Melton\meltode01,2021-22,23,MEM,NBA,1.3,29,13,698,109,269,60,127,49,142,27,37,27,90,117,80,48,19,45,50,294,0.405,0.472,0.345,0.496,0.73,0.515
157,Mike Muscala\muscami01,2021-22,30,OKC,NBA,1.3,23,0,323,58,126,22,42,36,84,36,42,10,61,71,12,7,11,10,25,188,0.46,0.524,0.429,0.603,0.857,0.651
158,Dennis Schröder\schrode01,2021-22,28,BOS,NBA,1.3,29,18,938,171,402,129,274,42,128,89,100,17,83,100,135,25,2,71,72,473,0.425,0.471,0.328,0.478,0.89,0.53
159,Obi Toppin\toppiob01,2021-22,23,NYK,NBA,1.3,26,0,413,88,166,79,120,9,46,41,52,31,70,101,24,9,16,24,40,226,0.53,0.658,0.196,0.557,0.788,0.598
160,Juan Toscano-Anderson\toscaju01,2021-22,28,GSW,NBA,1.3,30,2,485,57,112,47,73,10,39,19,29,20,70,90,63,19,11,34,44,143,0.509,0.644,0.256,0.554,0.655,0.573
161,OG Anunoby\anunoog01,2021-22,24,TOR,NBA,1.2,16,16,588,117,273,76,158,41,115,34,42,24,60,84,43,24,9,26,45,309,0.429,0.481,0.357,0.504,0.81,0.53
162,Will Barton\bartowi01,2021-22,31,DEN,NBA,1.2,26,26,846,154,357,92,190,62,167,26,35,17,116,133,106,22,12,45,37,396,0.431,0.484,0.371,0.518,0.743,0.532
163,Bradley Beal\bealbr01,2021-22,28,WAS,NBA,1.2,28,28,1005,252,553,209,401,43,152,105,128,29,101,130,164,23,9,96,64,652,0.456,0.521,0.283,0.495,0.82,0.535
164,DeAndre' Bembry\bembrde01,2021-22,27,BRK,NBA,1.2,26,11,509,63,111,54,89,9,22,10,21,19,66,85,29,23,13,19,59,145,0.568,0.607,0.409,0.608,0.476,0.603
165,Eric Bledsoe\bledser01,2021-22,32,LAC,NBA,1.2,32,23,847,116,274,87,178,29,96,52,66,20,105,125,120,39,11,65,50,313,0.423,0.489,0.302,0.476,0.788,0.516
166,Bruce Brown\brownbr01,2021-22,25,BRK,NBA,1.2,24,14,539,72,154,64,129,8,25,13,17,34,69,103,27,30,10,15,61,165,0.468,0.496,0.32,0.494,0.765,0.511
167,Facundo Campazzo\campafa01,2021-22,30,DEN,NBA,1.2,29,0,594,61,153,26,54,35,99,25,30,10,44,54,97,29,11,30,58,182,0.399,0.481,0.354,0.513,0.833,0.548
168,Javonte Green\greenja02,2021-22,28,CHI,NBA,1.2,25,14,536,53,111,42,81,11,30,20,26,40,67,107,22,20,9,16,53,137,0.477,0.519,0.367,0.527,0.769,0.559
169,Andre Iguodala\iguodan01,2021-22,38,GSW,NBA,1.2,16,0,323,27,66,18,25,9,41,8,10,12,42,54,62,12,12,10,14,71,0.409,0.72,0.22,0.477,0.8,0.504
170,Maxi Kleber\klebima01,2021-22,30,DAL,NBA,1.2,20,3,472,49,114,19,32,30,82,17,23,24,93,117,20,7,16,11,43,145,0.43,0.594,0.366,0.561,0.739,0.584
171,Damion Lee\leeda03,2021-22,29,GSW,NBA,1.2,25,2,521,77,176,47,90,30,86,27,31,8,69,77,24,11,3,15,40,211,0.438,0.522,0.349,0.523,0.871,0.556
172,Garrison Mathews\mathega01,2021-22,25,HOU,NBA,1.2,19,14,550,69,161,19,27,50,134,40,50,13,58,71,14,14,9,11,55,228,0.429,0.704,0.373,0.584,0.8,0.623
173,Mason Plumlee\plumlma01,2021-22,31,CHO,NBA,1.2,24,24,604,68,116,68,115,0,1,22,58,59,113,172,66,19,22,28,70,158,0.586,0.591,0,0.586,0.379,0.558
174,Naz Reid\reidna01,2021-22,22,MIN,NBA,1.2,29,1,465,91,200,64,128,27,72,45,62,36,63,99,21,15,25,27,68,254,0.455,0.5,0.375,0.523,0.726,0.559
175,Landry Shamet\shamela01,2021-22,24,PHO,NBA,1.2,29,7,606,77,204,25,67,52,137,30,36,7,59,66,47,10,2,16,34,236,0.377,0.373,0.38,0.505,0.833,0.537
176,Nikola Vučević\vucevni01,2021-22,31,CHI,NBA,1.2,22,22,728,140,342,103,234,37,108,23,36,38,191,229,77,20,23,33,50,340,0.409,0.44,0.343,0.463,0.639,0.475
177,Dean Wade\wadede01,2021-22,25,CLE,NBA,1.2,22,14,456,43,98,20,33,23,65,8,10,15,59,74,25,13,1,8,37,117,0.439,0.606,0.354,0.556,0.8,0.571
178,Kenrich Williams\willike04,2021-22,27,OKC,NBA,1.2,27,0,560,73,158,50,101,23,57,19,34,33,65,98,51,26,5,21,50,188,0.462,0.495,0.404,0.535,0.559,0.543
179,Cole Anthony\anthoco01,2021-22,21,ORL,NBA,1.1,23,23,785,158,379,94,204,64,175,77,88,13,127,140,129,19,4,69,58,457,0.417,0.461,0.366,0.501,0.875,0.547
180,Khem Birch\birchkh01,2021-22,29,TOR,NBA,1.1,15,3,344,40,80,40,74,0,6,24,33,48,37,85,20,15,7,9,27,104,0.5,0.541,0,0.5,0.727,0.55
181,Kentavious Caldwell-Pope\caldwke01,2021-22,28,WAS,NBA,1.1,31,31,906,122,296,60,132,62,164,36,41,17,92,109,51,39,11,36,59,342,0.412,0.455,0.378,0.517,0.878,0.545
182,Buddy Hield\hieldbu01,2021-22,29,SAC,NBA,1.1,33,6,980,177,460,53,127,124,333,52,61,25,106,131,70,31,10,55,70,530,0.385,0.417,0.372,0.52,0.852,0.544
183,CJ McCollum\mccolcj01,2021-22,30,POR,NBA,1.1,24,24,848,191,451,114,255,77,196,35,50,27,72,99,107,26,17,46,51,494,0.424,0.447,0.393,0.509,0.7,0.522
184,Immanuel Quickley\quickim01,2021-22,22,NYK,NBA,1.1,29,1,633,97,249,44,96,53,153,48,52,12,57,69,74,19,2,32,63,295,0.39,0.458,0.346,0.496,0.923,0.543
185,Gabe Vincent\vincega01,2021-22,25,MIA,NBA,1.1,29,7,595,87,198,42,78,45,120,20,27,13,40,53,78,22,7,43,63,239,0.439,0.538,0.375,0.553,0.741,0.569
186,Kemba Walker\walkeke02,2021-22,31,NYK,NBA,1.1,20,20,518,92,218,46,106,46,112,30,37,5,55,60,63,20,5,27,26,260,0.422,0.434,0.411,0.528,0.811,0.555
187,Cody Zeller\zelleco01,2021-22,29,POR,NBA,1.1,24,0,319,43,76,43,72,0,4,36,47,43,67,110,20,7,6,17,50,122,0.566,0.597,0,0.566,0.766,0.631
188,Chris Boucher\bouchch01,2021-22,29,TOR,NBA,1,27,5,428,76,176,61,106,15,70,33,45,44,80,124,9,11,24,17,44,200,0.432,0.575,0.214,0.474,0.733,0.511
189,Torrey Craig\craigto01,2021-22,31,IND,NBA,1,29,1,427,56,115,40,60,16,55,17,22,32,55,87,24,11,7,17,45,145,0.487,0.667,0.291,0.557,0.773,0.581
190,Derrick Favors\favorde01,2021-22,30,OKC,NBA,1,24,11,399,64,125,62,115,2,10,10,18,35,86,121,16,12,5,6,36,140,0.512,0.539,0.2,0.52,0.556,0.527
191,Tyler Herro\herroty01,2021-22,22,MIA,NBA,1,26,7,843,204,462,134,284,70,178,56,65,19,113,132,97,14,2,78,33,534,0.442,0.472,0.393,0.517,0.862,0.544
192,Herb Jones\joneshe01,2021-22,23,NOP,NBA,1,29,20,791,83,176,72,144,11,32,30,40,33,65,98,52,38,26,32,90,207,0.472,0.5,0.344,0.503,0.75,0.535
193,Malik Monk\monkma01,2021-22,23,LAL,NBA,1,28,2,666,102,228,54,95,48,133,20,25,11,66,77,62,20,7,36,41,272,0.447,0.568,0.361,0.553,0.8,0.569
194,Georges Niang\niangge01,2021-22,28,PHI,NBA,1,28,5,662,105,238,51,96,54,142,27,31,6,64,70,41,16,8,23,69,291,0.441,0.531,0.38,0.555,0.871,0.578
195,P.J. Washington\washipj01,2021-22,23,CHO,NBA,1,20,3,500,76,170,36,74,40,96,24,32,26,75,101,43,14,22,24,44,216,0.447,0.486,0.417,0.565,0.75,0.587
196,Thaddeus Young\youngth01,2021-22,33,SAS,NBA,1,22,0,311,64,113,64,110,0,3,8,18,33,42,75,54,20,6,22,30,136,0.566,0.582,0,0.566,0.444,0.562
197,Malik Beasley\beaslma01,2021-22,25,MIN,NBA,0.9,31,3,815,127,345,40,91,87,254,18,25,10,87,97,55,19,5,25,40,359,0.368,0.44,0.343,0.494,0.72,0.504
198,Bogdan Bogdanović\bogdabo01,2021-22,29,ATL,NBA,0.9,21,20,585,91,208,47,93,44,115,12,16,7,66,73,51,15,4,18,39,238,0.438,0.505,0.383,0.543,0.75,0.553
199,Dillon Brooks\brookdi01,2021-22,26,MEM,NBA,0.9,18,17,520,130,305,99,210,31,95,63,71,14,50,64,50,21,2,34,61,354,0.426,0.471,0.326,0.477,0.887,0.526
200,Spencer Dinwiddie\dinwisp01,2021-22,28,WAS,NBA,0.9,26,26,762,110,291,69,163,41,128,58,69,19,110,129,132,12,4,43,61,319,0.378,0.423,0.32,0.448,0.841,0.496
201,Evan Fournier\fournev01,2021-22,29,NYK,NBA,0.9,31,31,898,152,362,74,153,78,209,32,42,14,70,84,54,28,8,42,57,414,0.42,0.484,0.373,0.528,0.762,0.544
202,Danny Green\greenda02,2021-22,34,PHI,NBA,0.9,24,18,597,58,143,12,20,46,123,8,8,15,51,66,30,36,21,24,47,170,0.406,0.6,0.374,0.566,1,0.58
203,Blake Griffin\griffbl01,2021-22,32,BRK,NBA,0.9,22,20,486,54,147,39,71,15,76,25,35,25,85,110,49,13,11,13,54,148,0.367,0.549,0.197,0.418,0.714,0.456
204,Kevin Huerter\huertke01,2021-22,23,ATL,NBA,0.9,28,18,774,117,253,68,124,49,129,12,14,11,82,93,75,12,7,37,53,295,0.462,0.548,0.38,0.559,0.857,0.569
205,Caris LeVert\leverca01,2021-22,27,IND,NBA,0.9,24,24,698,154,356,120,247,34,109,51,62,12,55,67,80,22,12,39,44,393,0.433,0.486,0.312,0.48,0.823,0.513
206,Jalen McDaniels\mcdanja01,2021-22,24,CHO,NBA,0.9,26,0,434,58,109,33,52,25,57,22,34,18,77,95,25,12,10,17,48,163,0.532,0.635,0.439,0.647,0.647,0.657
207,Shake Milton\miltosh01,2021-22,25,PHI,NBA,0.9,25,6,636,107,241,83,166,24,75,41,48,13,65,78,72,18,10,30,52,279,0.444,0.5,0.32,0.494,0.854,0.532
208,Nerlens Noel\noelne01,2021-22,27,NYK,NBA,0.9,17,10,393,22,43,22,41,0,2,15,18,37,62,99,14,18,25,15,45,59,0.512,0.537,0,0.512,0.833,0.579
209,Cam Reddish\reddica01,2021-22,22,ATL,NBA,0.9,26,1,600,104,252,58,136,46,116,57,64,19,49,68,26,26,7,30,37,311,0.413,0.426,0.397,0.504,0.891,0.555
210,Xavier Tillman\tillmxa01,2021-22,23,MEM,NBA,0.9,25,0,371,49,110,43,81,6,29,24,36,33,51,84,34,29,11,19,35,128,0.445,0.531,0.207,0.473,0.667,0.509
211,Robert Covington\covinro01,2021-22,31,POR,NBA,0.8,32,26,887,81,205,32,57,49,148,3,3,22,138,160,39,39,39,33,77,214,0.395,0.561,0.331,0.515,1,0.519
212,Hamidou Diallo\diallha01,2021-22,23,DET,NBA,0.8,23,6,408,73,138,66,111,7,27,24,36,20,54,74,18,19,9,18,45,177,0.529,0.595,0.259,0.554,0.667,0.575
213,Chris Duarte\duartch01,2021-22,24,IND,NBA,0.8,30,22,862,150,352,95,195,55,157,36,48,18,107,125,62,30,4,49,52,391,0.426,0.487,0.35,0.504,0.75,0.524
214,Drew Eubanks\eubandr01,2021-22,24,SAS,NBA,0.8,29,8,391,54,107,53,102,1,5,39,49,34,90,124,37,10,23,35,41,148,0.505,0.52,0.2,0.509,0.796,0.576
215,Eric Gordon\gordoer01,2021-22,33,HOU,NBA,0.8,27,16,797,140,288,77,145,63,143,50,71,6,42,48,92,16,14,67,29,393,0.486,0.531,0.441,0.595,0.704,0.616
216,Kyle Kuzma\kuzmaky01,2021-22,26,WAS,NBA,0.8,29,29,937,137,329,83,166,54,163,38,58,28,198,226,83,18,20,54,60,366,0.416,0.5,0.331,0.498,0.655,0.516
217,Trey Lyles\lylestr01,2021-22,26,DET,NBA,0.8,30,0,498,78,184,55,105,23,79,54,67,36,87,123,28,9,8,27,45,233,0.424,0.524,0.291,0.486,0.806,0.546
218,Svi Mykhailiuk\mykhasv01,2021-22,24,TOR,NBA,0.8,29,4,517,71,171,40,74,31,97,21,24,16,58,74,32,20,3,23,40,194,0.415,0.541,0.32,0.506,0.875,0.534
219,Jeremiah Robinson-Earl\robinje02,2021-22,21,OKC,NBA,0.8,30,22,660,80,192,49,98,31,94,22,31,50,123,173,25,15,7,27,46,213,0.417,0.5,0.33,0.497,0.71,0.518
220,Terry Rozier\roziete01,2021-22,27,CHO,NBA,0.8,24,24,763,147,354,89,185,58,169,44,52,14,71,85,80,28,11,30,33,396,0.415,0.481,0.343,0.497,0.846,0.525
221,Tristan Thompson\thomptr01,2021-22,30,SAC,NBA,0.8,25,3,412,75,143,74,142,1,1,28,54,69,82,151,18,9,9,26,46,179,0.524,0.521,1,0.528,0.519,0.537
222,Matisse Thybulle\thybuma01,2021-22,24,PHI,NBA,0.8,24,9,587,54,115,36,55,18,60,7,8,11,41,52,24,43,27,23,53,133,0.47,0.655,0.3,0.548,0.875,0.561
223,Avery Bradley\bradlav01,2021-22,31,LAL,NBA,0.7,26,21,599,58,143,24,58,34,85,2,2,12,54,66,20,22,6,14,42,152,0.406,0.414,0.4,0.524,1,0.528
224,Rudy Gay\gayru01,2021-22,35,UTA,NBA,0.7,16,0,306,48,117,20,41,28,76,15,22,14,62,76,16,7,3,14,24,139,0.41,0.488,0.368,0.53,0.682,0.549
225,Joe Harris\harrijo01,2021-22,30,BRK,NBA,0.7,14,14,423,56,124,15,36,41,88,5,6,5,51,56,14,7,2,16,31,158,0.452,0.417,0.466,0.617,0.833,0.624
226,Justin Holiday\holidju01,2021-22,32,IND,NBA,0.7,26,17,715,91,236,31,61,60,175,14,17,8,64,72,42,13,8,22,54,256,0.386,0.508,0.343,0.513,0.824,0.526
227,James Johnson\johnsja01,2021-22,34,BRK,NBA,0.7,18,2,327,38,79,33,63,5,16,6,14,17,54,71,35,9,7,11,43,87,0.481,0.524,0.313,0.513,0.429,0.511
228,Cory Joseph\josepco01,2021-22,30,DET,NBA,0.7,26,5,553,60,135,45,89,15,46,37,45,7,42,49,88,20,5,37,42,172,0.444,0.506,0.326,0.5,0.822,0.556
229,Jeremy Lamb\lambje01,2021-22,29,IND,NBA,0.7,25,0,349,50,144,26,71,24,73,40,42,9,54,63,31,11,8,12,25,164,0.347,0.366,0.329,0.431,0.952,0.505
230,Jaden McDaniels\mcdanja02,2021-22,21,MIN,NBA,0.7,28,12,717,75,188,51,101,24,87,14,19,37,87,124,24,27,13,25,102,188,0.399,0.505,0.276,0.463,0.737,0.479
231,Doug McDermott\mcderdo01,2021-22,30,SAS,NBA,0.7,22,22,552,96,208,51,94,45,114,11,14,9,41,50,29,4,2,15,29,248,0.462,0.543,0.395,0.57,0.786,0.579
232,Anfernee Simons\simonan01,2021-22,22,POR,NBA,0.7,28,3,669,125,291,67,138,58,153,30,32,15,56,71,58,11,4,33,49,338,0.43,0.486,0.379,0.529,0.938,0.554
233,Delon Wright\wrighde01,2021-22,29,ATL,NBA,0.7,28,1,426,31,78,21,52,10,26,15,19,21,57,78,61,19,5,20,17,87,0.397,0.404,0.385,0.462,0.789,0.504
234,Armoni Brooks\brookar01,2021-22,23,HOU,NBA,0.6,27,7,454,65,171,18,31,47,140,13,15,7,43,50,36,17,7,14,39,190,0.38,0.581,0.336,0.518,0.867,0.535
235,Ayo Dosunmu\dosunay01,2021-22,22,CHI,NBA,0.6,25,2,447,61,121,44,80,17,41,11,19,12,40,52,29,10,5,20,37,150,0.504,0.55,0.415,0.574,0.579,0.58
236,Wayne Ellington\ellinwa01,2021-22,34,LAL,NBA,0.6,24,6,521,52,135,4,9,48,126,4,5,5,35,40,19,14,2,12,25,156,0.385,0.444,0.381,0.563,0.8,0.569
237,Rodney Hood\hoodro01,2021-22,29,MIL,NBA,0.6,25,0,400,32,88,15,34,17,54,12,12,11,45,56,20,8,1,5,22,93,0.364,0.441,0.315,0.46,1,0.498
238,Reggie Jackson\jacksre01,2021-22,31,LAC,NBA,0.6,31,31,1012,203,519,122,273,81,246,46,57,18,88,106,130,21,5,64,56,533,0.391,0.447,0.329,0.469,0.807,0.49
239,Tre Jones\jonestr01,2021-22,22,SAS,NBA,0.6,28,0,312,44,92,43,84,1,8,15,15,10,42,52,53,10,0,16,23,104,0.478,0.512,0.125,0.484,1,0.527
240,Romeo Langford\langfro01,2021-22,22,BOS,NBA,0.6,25,2,465,47,113,30,65,17,48,11,16,24,58,82,13,11,6,12,34,122,0.416,0.462,0.354,0.491,0.688,0.508
241,Alex Len\lenal01,2021-22,28,SAC,NBA,0.6,21,7,356,50,95,44,80,6,15,23,36,25,64,89,21,5,21,24,63,129,0.526,0.55,0.4,0.558,0.639,0.582
242,Austin Reaves\reaveau01,2021-22,23,LAL,NBA,0.6,17,0,335,34,68,18,27,16,41,15,17,5,37,42,18,4,2,12,29,99,0.5,0.667,0.39,0.618,0.882,0.656
243,Daniel Theis\theisda01,2021-22,29,HOU,NBA,0.6,20,18,457,68,137,50,77,18,60,23,31,23,81,104,16,9,13,25,49,177,0.496,0.649,0.3,0.562,0.742,0.587
244,Moritz Wagner\wagnemo01,2021-22,24,ORL,NBA,0.6,26,0,303,53,118,26,45,27,73,30,39,14,52,66,20,4,5,20,47,163,0.449,0.578,0.37,0.564,0.769,0.603
245,Precious Achiuwa\achiupr01,2021-22,22,TOR,NBA,0.5,22,17,579,79,196,71,168,8,28,19,36,49,129,178,33,12,12,25,54,185,0.403,0.423,0.286,0.423,0.528,0.437
246,Thanasis Antetokounmpo\antetth01,2021-22,29,MIL,NBA,0.5,24,5,315,36,76,35,67,1,9,13,22,27,47,74,19,12,5,17,48,86,0.474,0.522,0.111,0.48,0.591,0.502
247,Dalano Banton\bantoda01,2021-22,22,TOR,NBA,0.5,27,0,342,44,96,38,76,6,20,18,24,18,45,63,48,11,5,27,38,112,0.458,0.5,0.3,0.49,0.75,0.526
248,RJ Barrett\barrerj01,2021-22,21,NYK,NBA,0.5,25,25,784,134,333,87,200,47,133,63,86,20,121,141,52,11,7,42,51,378,0.402,0.435,0.353,0.473,0.733,0.51
249,Saddiq Bey\beysa01,2021-22,22,DET,NBA,0.5,30,30,970,143,393,84,200,59,193,56,70,49,127,176,74,29,5,40,51,401,0.364,0.42,0.306,0.439,0.8,0.473
250,Oshae Brissett\brissos01,2021-22,23,IND,NBA,0.5,21,0,338,48,99,29,51,19,48,5,13,17,51,68,12,13,5,17,26,120,0.485,0.569,0.396,0.581,0.385,0.573
251,Bryn Forbes\forbebr01,2021-22,28,SAS,NBA,0.5,29,0,426,85,182,45,88,40,94,24,27,3,33,36,23,11,2,26,21,234,0.467,0.511,0.426,0.577,0.889,0.603
252,Bones Hyland\hylanbo01,2021-22,21,DEN,NBA,0.5,21,0,349,62,157,27,58,35,99,26,28,4,34,38,32,15,5,19,37,185,0.395,0.466,0.354,0.506,0.929,0.546
253,Frank Jackson\jacksfr01,2021-22,23,DET,NBA,0.5,30,2,663,109,267,54,100,55,167,40,48,9,34,43,27,13,6,26,45,313,0.408,0.54,0.329,0.511,0.833,0.543
254,Chimezie Metu\metuch01,2021-22,24,SAC,NBA,0.5,20,15,489,73,177,54,98,19,79,26,34,18,116,134,21,19,17,21,30,191,0.412,0.551,0.241,0.466,0.765,0.497
255,Marcus Morris\morrima03,2021-22,32,LAC,NBA,0.5,13,13,386,68,157,42,87,26,70,17,22,6,56,62,25,7,4,18,29,179,0.433,0.483,0.371,0.516,0.773,0.537
256,Raul Neto\netora01,2021-22,29,WAS,NBA,0.5,30,0,607,95,210,82,158,13,52,35,48,5,58,63,78,23,1,36,48,238,0.452,0.519,0.25,0.483,0.729,0.515
257,Garrett Temple\templga01,2021-22,35,NOP,NBA,0.5,30,9,542,52,139,21,52,31,87,19,24,21,64,85,32,26,15,26,49,154,0.374,0.404,0.356,0.486,0.792,0.515
258,Lonnie Walker\walkelo01,2021-22,23,SAS,NBA,0.5,29,3,651,118,297,73,150,45,147,38,44,6,78,84,70,18,8,33,36,319,0.397,0.487,0.306,0.473,0.864,0.504
259,D.J. Augustin\augusdj01,2021-22,34,HOU,NBA,0.4,28,2,414,46,107,14,32,32,75,24,27,5,25,30,65,9,0,36,16,148,0.43,0.438,0.427,0.579,0.889,0.622
260,Josh Christopher\chrisjo01,2021-22,20,HOU,NBA,0.4,24,1,324,54,110,37,70,17,40,21,27,12,27,39,39,15,2,30,26,146,0.491,0.529,0.425,0.568,0.778,0.599
261,Gary Harris\harriga01,2021-22,27,ORL,NBA,0.4,25,15,682,86,203,56,109,30,94,31,37,21,41,62,50,18,4,29,42,233,0.424,0.514,0.319,0.498,0.838,0.531
262,Aaron Holiday\holidaa01,2021-22,25,WAS,NBA,0.4,30,8,482,73,155,58,112,15,43,19,24,4,44,48,52,16,8,29,48,180,0.471,0.518,0.349,0.519,0.792,0.544
263,Ty Jerome\jeromty01,2021-22,24,OKC,NBA,0.4,23,1,306,51,127,31,56,20,71,24,29,6,20,26,27,14,3,14,28,146,0.402,0.554,0.282,0.48,0.828,0.522
264,Davion Mitchell\mitchda01,2021-22,23,SAC,NBA,0.4,29,1,744,113,285,78,171,35,114,20,30,17,57,74,105,21,6,31,63,281,0.396,0.456,0.307,0.458,0.667,0.471
265,Trey Murphy III\murphtr02,2021-22,21,NOP,NBA,0.4,30,0,401,41,115,10,31,31,84,10,12,18,45,63,17,9,4,10,33,123,0.357,0.323,0.369,0.491,0.833,0.511
266,Jordan Nwora\nworajo01,2021-22,23,MIL,NBA,0.4,27,4,521,85,212,47,109,38,103,14,17,22,87,109,31,11,11,32,30,222,0.401,0.431,0.369,0.491,0.824,0.506
267,Cameron Payne\payneca01,2021-22,27,PHO,NBA,0.4,25,0,501,94,244,68,158,26,86,48,56,10,69,79,87,18,8,51,50,262,0.385,0.43,0.302,0.439,0.857,0.488
268,Taurean Prince\princta02,2021-22,27,MIN,NBA,0.4,24,8,370,37,101,16,33,21,68,16,21,11,39,50,19,10,5,13,36,111,0.366,0.485,0.309,0.47,0.762,0.503
269,Keita Bates-Diop\bateske01,2021-22,26,SAS,NBA,0.3,23,5,318,36,75,32,58,4,17,12,18,20,58,78,11,10,8,17,20,88,0.48,0.552,0.235,0.507,0.667,0.531
