Rk,Player,Season,Age,Tm,Lg,WS,G,GS,MP,PER,3PAr,FTr,ORB%,DRB%,TRB%,AST%,STL%,BLK%,TOV%,USG%,ORtg,DRtg,OWS,DWS,WS/48,OBPM,DBPM,BPM,VORP
1,Rudy Gobert\goberru01,2021-22,29,UTA,NBA,5.7,30,30,956,25.4,0.004,0.888,11.6,37.9,25.4,4.8,1.2,5.9,15.2,16.6,137,99,3.5,2.2,0.287,3.2,2.4,5.6,1.8
2,Nikola Jokić\jokicni01,2021-22,26,DEN,NBA,5.1,25,25,808,33.8,0.254,0.298,7.9,37.3,22.7,43.3,2,2.2,14.9,31.6,124,103,3.7,1.4,0.305,9.6,4.8,14.3,3.3
3,Jarrett Allen\allenja01,2021-22,23,CLE,NBA,5,28,28,913,24.2,0.022,0.445,11.2,24.3,18,9.9,1.3,3.7,14.5,18.2,132,101,3.1,1.8,0.26,3.1,2,5.1,1.6
4,Giannis Antetokounmpo\antetgi01,2021-22,27,MIL,NBA,4.7,26,26,849,30.5,0.213,0.561,6.6,30.3,18.6,32.6,1.7,4.8,12.8,33.9,118,102,3.1,1.6,0.267,6.6,3.5,10.1,2.6
5,Kevin Durant\duranke01,2021-22,33,BRK,NBA,4.6,27,27,1000,26,0.236,0.347,1.5,20.3,11.3,28.7,0.8,2,12,31.7,118,107,3.3,1.3,0.221,6.3,0.9,7.2,2.3
6,Chris Paul\paulch01,2021-22,36,PHO,NBA,4.5,30,30,959,21.1,0.26,0.306,0.8,11.7,6.5,44,2.9,0.8,15.9,19.9,122,102,2.7,1.8,0.225,2.7,2.6,5.3,1.8
7,Stephen Curry\curryst01,2021-22,33,GSW,NBA,4.4,29,29,998,23.4,0.654,0.213,2.3,14.4,8.6,29.7,2.2,1.5,13.2,32.5,114,102,2.5,1.9,0.214,6.9,1,7.9,2.5
8,Domantas Sabonis\sabondo01,2021-22,25,IND,NBA,4.4,32,31,1085,22.4,0.203,0.398,10.5,27,18.8,19.4,1.6,0.9,17.6,21.7,121,107,3.1,1.3,0.195,3.1,0.9,4,1.6
9,Karl-Anthony Towns\townska01,2021-22,26,MIN,NBA,4.1,30,30,1034,23.6,0.333,0.343,8.3,20.3,14,18.6,1.5,3.3,15.2,27.9,117,107,2.8,1.3,0.191,4.8,0.5,5.3,1.9
10,John Collins\collijo01,2021-22,24,ATL,NBA,4,30,30,980,21.4,0.269,0.322,6.3,20.1,13.3,9.9,1.1,3.4,7.7,19.6,130,111,3.2,0.8,0.198,2.9,0.2,3.1,1.3
11,Montrezl Harrell\harremo01,2021-22,28,WAS,NBA,4,31,3,799,24.7,0.034,0.543,9.6,22.1,16,14.1,1,2.1,10.4,20.5,133,109,3.2,0.8,0.24,4.2,0.6,4.8,1.4
12,DeMar DeRozan\derozde01,2021-22,32,CHI,NBA,3.8,26,26,913,24,0.12,0.402,1.9,14.4,8.1,21,1.2,0.9,8.2,30.6,119,110,2.9,0.9,0.2,3.9,-0.5,3.4,1.3
13,Trae Young\youngtr01,2021-22,23,ATL,NBA,3.6,29,29,990,25.6,0.346,0.306,2.7,10,6.4,47.2,1.5,0.3,14.8,35.1,116,115,3.3,0.3,0.177,6.8,-1.8,5,1.8
14,Ivica Zubac\zubaciv01,2021-22,24,LAC,NBA,3.6,32,32,796,19.1,0,0.616,10.8,22.7,16.9,6.8,1.1,4,16.1,14.3,131,103,2.2,1.4,0.214,0.1,1.3,1.4,0.7
15,Jimmy Butler\butleji01,2021-22,32,MIA,NBA,3.5,18,18,607,26.9,0.114,0.546,5.4,13.8,9.7,26.6,3.2,0.9,9.4,27.4,126,105,2.5,1,0.274,5.8,2.9,8.7,1.6
16,Clint Capela\capelca01,2021-22,27,ATL,NBA,3.5,29,29,864,21.4,0.004,0.274,14.6,31.6,23.2,6.8,1.5,4.7,5.8,15.5,128,106,2.3,1.2,0.193,2,0.1,2,0.9
17,Donovan Mitchell\mitchdo01,2021-22,25,UTA,NBA,3.5,29,29,944,22.5,0.463,0.187,3,9.2,6.3,26.8,2.4,0.5,12,33.1,113,108,2.3,1.2,0.176,4.4,0,4.3,1.5
18,Anthony Davis\davisan02,2021-22,28,LAL,NBA,3.4,27,27,955,23.5,0.116,0.334,8.4,20.6,14.7,14.1,1.6,5.2,9.8,27.6,112,104,1.8,1.6,0.169,2.2,0.6,2.8,1.2
19,Jonas Valančiūnas\valanjo01,2021-22,29,NOP,NBA,3.4,32,32,1011,22.4,0.166,0.274,12,29.6,20.6,13.3,0.9,2.9,12.9,24,117,110,2.4,1,0.163,2.8,-0.7,2.1,1.1
20,Mikal Bridges\bridgmi01,2021-22,25,PHO,NBA,3.2,30,30,1028,13.5,0.354,0.151,3,9,6.1,7.4,1.9,1.4,6.8,13.7,121,105,1.7,1.6,0.15,-0.2,1.9,1.6,1
21,Mike Conley\conlemi01,2021-22,34,UTA,NBA,3.2,27,27,757,18.7,0.555,0.146,1.7,7.2,4.6,28.2,1.9,0.9,13.1,19.6,126,109,2.4,0.8,0.203,3.5,0.5,4,1.2
22,Bojan Bogdanović\bogdabo02,2021-22,32,UTA,NBA,3.1,30,30,893,17,0.507,0.27,3.1,10,6.7,8.2,0.8,0.1,9.5,21.9,122,111,2.4,0.7,0.164,2.8,-1.2,1.6,0.8
23,Pat Connaughton\connapa01,2021-22,29,MIL,NBA,3.1,33,13,960,15.4,0.716,0.111,3.1,13.7,8.5,6.8,1.9,1.2,7.5,15,125,108,2,1.1,0.153,1.6,0.6,2.1,1
24,Draymond Green\greendr01,2021-22,31,GSW,NBA,3.1,29,29,882,15.6,0.175,0.379,4.4,23.7,14.4,33.1,2.1,3.3,30.4,14.5,112,98,1.1,2.1,0.17,-0.3,4.5,4.2,1.4
25,Mitchell Robinson\robinmi01,2021-22,23,NYK,NBA,3.1,28,20,677,19.8,0,0.527,14.3,20.5,17.3,3.4,1,6.8,10,9.8,152,107,2.2,0.9,0.22,0.7,0.5,1.3,0.5
26,Myles Turner\turnemy01,2021-22,25,IND,NBA,3.1,31,31,909,18.9,0.518,0.27,5.6,22,13.9,5,1,8.4,11.4,16.8,120,104,1.7,1.4,0.165,1.1,1.6,2.7,1.1
27,Fred VanVleet\vanvlfr01,2021-22,27,TOR,NBA,3,28,28,1060,18.4,0.526,0.185,2,12.9,7.2,27.2,2.1,1.5,14.8,23.3,114,110,2,1,0.136,3.5,0.1,3.6,1.5
28,Robert Williams\williro04,2021-22,24,BOS,NBA,3,24,24,673,20.9,0,0.314,13.4,18.6,15.9,7.8,1.3,5.7,15.4,12.2,139,106,2,1,0.216,2,1.3,3.3,0.9
29,Deandre Ayton\aytonde01,2021-22,23,PHO,NBA,2.9,22,22,676,21.8,0.023,0.227,10,27.9,19.2,8.4,1.3,2.2,12.1,21.1,119,100,1.5,1.4,0.209,2.1,1.1,3.2,0.9
30,Darius Garland\garlada01,2021-22,22,CLE,NBA,2.9,30,30,1031,17.7,0.44,0.159,1.3,8,4.7,34.9,1.9,0.3,18.6,25.6,110,107,1.5,1.4,0.134,2.7,-0.2,2.5,1.2
31,James Harden\hardeja01,2021-22,32,BRK,NBA,2.9,26,26,942,20.1,0.499,0.504,2.7,19.8,11.6,39.2,1.8,1.6,21.8,27.5,109,105,1.4,1.5,0.148,3.1,0.9,4,1.4
32,Zach LaVine\lavinza01,2021-22,26,CHI,NBA,2.9,27,27,948,21.6,0.385,0.248,1,15.8,8.3,20.9,0.7,0.8,11,30.3,114,111,2.1,0.8,0.148,5.1,-1,4.1,1.5
33,Andrew Wiggins\wiggian01,2021-22,26,GSW,NBA,2.9,29,29,901,17.4,0.375,0.251,4.6,11.1,7.9,9.3,1.2,2,9.2,24.1,113,105,1.5,1.4,0.156,1.8,-0.2,1.5,0.8
34,Scottie Barnes\barnesc01,2021-22,20,TOR,NBA,2.7,27,27,973,17.6,0.172,0.244,8.5,16.5,12.3,14.3,1.5,2.6,11.6,19,116,110,1.8,0.9,0.133,1.2,0.1,1.3,0.8
35,Jalen Brunson\brunsja01,2021-22,25,DAL,NBA,2.7,29,11,873,18.4,0.266,0.246,2.1,12.2,7,28.8,1.4,0.2,10.6,22.2,117,111,2,0.7,0.149,1.7,-0.2,1.4,0.7
36,Joel Embiid\embiijo01,2021-22,27,PHI,NBA,2.7,20,20,669,26.8,0.201,0.583,5.2,30.5,18,22.9,1.7,3.8,11,33.4,113,105,1.7,1,0.194,4.6,1.5,6.1,1.3
37,LeBron James\jamesle01,2021-22,37,LAL,NBA,2.7,20,20,740,23.7,0.392,0.26,1.9,16.4,9.4,31.1,2.2,2.3,14.3,29.3,113,106,1.6,1,0.172,4.9,1.1,6,1.5
38,Dejounte Murray\murrade01,2021-22,25,SAS,NBA,2.7,30,30,1029,20.4,0.237,0.131,3.4,22.7,12.9,37,2.8,0.9,11.8,25.3,108,106,1.3,1.4,0.126,2.4,1.5,3.9,1.5
39,Jusuf Nurkić\nurkiju01,2021-22,27,POR,NBA,2.7,32,32,818,21.1,0.087,0.444,9.9,33.4,21.6,15.1,2,1.8,17,22,116,108,1.7,1,0.158,0.8,0.5,1.3,0.7
40,Malcolm Brogdon\brogdma01,2021-22,29,IND,NBA,2.6,26,26,891,19.1,0.379,0.3,3,14.1,8.6,27.7,1.3,1.1,11.6,24.5,115,111,2,0.7,0.143,3,-0.2,2.8,1.1
41,Isaiah Hartenstein\harteis01,2021-22,23,LAC,NBA,2.6,29,0,477,24.3,0.021,0.345,12.1,18,15.1,18.3,2.4,6.6,15.1,17.7,130,100,1.6,1,0.263,1.5,4,5.5,0.9
42,Richaun Holmes\holmeri01,2021-22,28,SAC,NBA,2.6,23,23,613,22.3,0.021,0.305,10.5,26.3,18.4,7.8,0.5,3,13.8,17,135,111,2.1,0.5,0.204,2.3,-0.1,2.2,0.7
43,Al Horford\horfoal01,2021-22,35,BOS,NBA,2.6,24,24,711,18.7,0.445,0.237,5.5,23.1,14.2,18.3,1.3,5,8.8,17.6,120,105,1.5,1.1,0.176,2.3,2.4,4.7,1.2
44,Kyle Lowry\lowryky01,2021-22,35,MIA,NBA,2.6,30,30,1034,14.9,0.599,0.249,1.9,13.3,7.6,35.6,1.5,1.2,21,19.9,111,108,1.5,1.2,0.122,1,0,1,0.8
45,Royce O'Neale\onealro01,2021-22,28,UTA,NBA,2.6,28,28,863,12.4,0.673,0.154,3.6,14,9.1,10.5,2.3,1.8,14.8,10.2,125,106,1.3,1.3,0.143,0.4,2.6,3,1.1
46,Harrison Barnes\barneha02,2021-22,29,SAC,NBA,2.5,28,28,953,16.9,0.416,0.485,3.9,16.2,10,10.6,1.2,0.3,11.4,20.2,119,114,2.1,0.4,0.124,2.3,-1,1.2,0.8
47,JaVale McGee\mcgeeja01,2021-22,34,PHO,NBA,2.5,30,8,479,26.9,0.019,0.302,17.5,31.7,24.9,6.7,1.1,4.4,16.1,25.8,120,98,1.4,1.1,0.254,2,0.9,2.9,0.6
48,Jayson Tatum\tatumja01,2021-22,23,BOS,NBA,2.5,32,32,1171,19.3,0.392,0.276,3.3,22.3,12.6,18.3,1.3,2,10.4,32.2,105,107,1,1.5,0.102,2.6,-0.2,2.4,1.3
49,P.J. Tucker\tuckepj01,2021-22,36,MIA,NBA,2.5,31,31,877,12.6,0.473,0.113,6.8,15.4,11.1,10.7,1.3,1.2,12.9,11.4,125,108,1.5,1,0.138,0.3,0.9,1.3,0.7
50,Desmond Bane\banede01,2021-22,23,MEM,NBA,2.4,32,32,932,16.6,0.487,0.095,1.9,14.5,8,11.8,1.6,1.3,8.9,22.3,115,111,1.6,0.7,0.121,2,-0.7,1.3,0.8
51,Miles Bridges\bridgmi02,2021-22,23,CHO,NBA,2.4,33,33,1204,17.7,0.386,0.251,3.6,18.1,10.6,15.3,1.5,2.2,10,22.5,113,115,2,0.4,0.097,1.6,-1,0.6,0.8
52,Daniel Gafford\gaffoda01,2021-22,23,WAS,NBA,2.4,28,28,601,21,0,0.303,11.3,20.8,16.2,7.6,1.1,7.1,13.8,16.1,127,106,1.5,0.9,0.192,0.4,1.6,2,0.6
53,Jrue Holiday\holidjr01,2021-22,31,MIL,NBA,2.4,26,25,849,18.8,0.317,0.133,2.6,11.5,7.1,32.8,2.1,1.4,13.9,24.3,112,108,1.4,1,0.135,2.1,0.2,2.3,0.9
54,Kevon Looney\looneke01,2021-22,25,GSW,NBA,2.4,31,31,580,15.7,0.007,0.384,13.9,22.4,18.4,9.7,1.2,4.1,11,13.5,124,100,1.2,1.2,0.198,-1.3,1.4,0.1,0.3
55,Tyrese Maxey\maxeyty01,2021-22,21,PHI,NBA,2.4,28,28,969,17.1,0.237,0.256,1.3,9.8,5.6,21.9,1,1.6,8.3,21.4,116,114,2,0.5,0.12,1.1,-0.7,0.4,0.6
56,Evan Mobley\mobleev01,2021-22,20,CLE,NBA,2.4,25,25,840,15.9,0.146,0.261,5.7,20.7,13.4,11.3,1.3,4.8,11.4,18.8,108,101,0.7,1.7,0.136,-0.7,2.5,1.9,0.8
57,Gary Payton II\paytoga02,2021-22,29,GSW,NBA,2.4,30,1,431,21.8,0.349,0.27,8.5,15.3,12,7.1,4.3,1.6,9,15.6,135,97,1.3,1.1,0.266,2.2,4.1,6.2,0.9
58,Bobby Portis\portibo01,2021-22,26,MIL,NBA,2.4,25,21,711,20.1,0.371,0.184,10.6,22.5,16.6,7.8,1.6,3.5,10.5,22.9,114,105,1.3,1.1,0.163,1.8,-0.4,1.4,0.6
59,Gary Trent\trentga02,2021-22,23,TOR,NBA,2.4,27,26,933,15.9,0.496,0.121,1.2,8.6,4.7,8.9,3.2,0.8,5.5,20,115,109,1.5,0.9,0.125,0.5,0.9,1.4,0.8
60,Jarred Vanderbilt\vandeja01,2021-22,22,MIN,NBA,2.4,29,22,720,15.9,0.069,0.282,12.7,24.2,18.2,6.7,3,3.2,17.4,10.4,123,103,1.1,1.3,0.161,-1.1,1.8,0.8,0.5
61,Steven Adams\adamsst01,2021-22,28,MEM,NBA,2.3,32,32,810,17,0,0.597,16.3,21.9,19.1,14.3,1.8,2.1,21.2,13.2,119,108,1.4,0.9,0.137,0.4,0.1,0.4,0.5
62,LaMarcus Aldridge\aldrila01,2021-22,36,BRK,NBA,2.3,25,8,590,21.5,0.115,0.185,6.5,18.5,12.7,6.6,0.8,4.4,6.3,22.1,121,106,1.5,0.9,0.188,2.1,0,2.1,0.6
63,Grayson Allen\allengr01,2021-22,26,MIL,NBA,2.3,30,30,875,14,0.699,0.12,1.7,11,6.4,6.2,1.3,1.3,6.3,17,119,110,1.5,0.8,0.126,1.2,-0.3,0.9,0.6
64,Wendell Carter\cartewe01,2021-22,22,ORL,NBA,2.3,30,30,865,17.7,0.383,0.21,7.7,29.1,18.3,14.3,1,2,11.8,18.2,116,110,1.5,0.9,0.129,1.2,0.3,1.5,0.8
65,Seth Curry\curryse01,2021-22,31,PHI,NBA,2.3,28,28,969,15.7,0.449,0.187,1.5,8,4.8,14.4,1.2,0.5,11.8,19.1,118,115,1.9,0.4,0.112,0.7,-1.3,-0.6,0.4
66,Aaron Gordon\gordoaa01,2021-22,26,DEN,NBA,2.3,30,30,970,15.4,0.29,0.303,6.3,12.6,9.5,10.5,0.9,2,12,18.4,115,112,1.6,0.7,0.111,0.4,-1,-0.7,0.3
67,Tyrese Haliburton\halibty01,2021-22,21,SAC,NBA,2.3,31,31,1052,16.5,0.412,0.123,2.9,9.9,6.4,27.3,2.6,2,16.3,17.3,113,112,1.5,0.7,0.103,1.8,0.7,2.5,1.2
68,Damian Lillard\lillada01,2021-22,31,POR,NBA,2.3,26,26,951,19.7,0.509,0.297,1.5,11.2,6.3,34.2,0.8,1,11.5,29.3,113,117,2.1,0.1,0.114,4.4,-2.8,1.6,0.9
69,Kevin Love\loveke01,2021-22,33,CLE,NBA,2.3,24,0,482,22.1,0.591,0.316,6.3,32.5,19.8,15.9,0.7,1.1,9.9,24.6,121,102,1.4,0.9,0.233,5.7,1.3,7,1.1
70,Terance Mann\mannte01,2021-22,25,LAC,NBA,2.3,31,7,898,12.8,0.35,0.248,5.6,13.9,9.9,12.1,1,0.3,10.8,14.9,117,109,1.4,1,0.126,-0.9,0,-0.9,0.3
71,Jordan Poole\poolejo01,2021-22,22,GSW,NBA,2.3,28,28,860,14.8,0.56,0.225,1.1,10.7,6.1,17.4,1.6,0.7,13.8,25.1,108,105,0.9,1.4,0.128,-0.2,0.2,-0.1,0.4
72,LaMelo Ball\ballla01,2021-22,20,CHO,NBA,2.2,27,27,885,21.3,0.424,0.168,5.2,19.9,12.3,38,2.6,1.3,14.7,28,111,112,1.6,0.6,0.121,4,0.3,4.3,1.4
73,Dorian Finney-Smith\finnedo01,2021-22,28,DAL,NBA,2.2,30,30,977,12.7,0.594,0.131,5.5,10.4,7.9,8.5,2.2,1.3,10.2,13.5,115,109,1.1,1.1,0.108,-0.3,0.7,0.5,0.6
74,Luke Kennard\kennalu01,2021-22,25,LAC,NBA,2.2,31,6,898,12.7,0.663,0.076,0.7,12,6.5,10.3,1.2,0.2,7.7,15.9,116,109,1.2,1,0.118,0.4,0.2,0.7,0.6
75,Ja Morant\moranja01,2021-22,22,MEM,NBA,2.2,20,20,647,24.2,0.238,0.317,4.2,14.6,9.3,36,2.4,0.9,13.2,31.5,113,110,1.6,0.6,0.164,5.3,-0.3,4.9,1.1
76,Kristaps Porziņģis\porzikr01,2021-22,26,DAL,NBA,2.2,22,22,657,22.4,0.348,0.29,7.5,21.5,14.3,11.7,1.2,4.8,7.2,28.5,112,106,1.3,1,0.163,2.9,-0.2,2.7,0.8
77,Lonzo Ball\balllo01,2021-22,24,CHI,NBA,2.1,29,29,1031,14.4,0.652,0.067,3,14,8.4,19.7,2.5,2.5,17.3,17.5,107,106,0.7,1.4,0.1,0.8,1.4,2.2,1.1
78,Devin Booker\bookede01,2021-22,25,PHO,NBA,2.1,23,23,734,19.7,0.337,0.219,2.8,13.7,8.4,23.4,1.4,0.6,11.9,31,108,105,1,1.1,0.139,2.9,0.1,3,0.9
79,Alex Caruso\carusal01,2021-22,27,CHI,NBA,2.1,26,9,729,14.5,0.472,0.325,3.7,11,7.3,18.9,3.5,1.1,17.3,13.6,117,105,1,1.1,0.139,-1,2.7,1.7,0.7
80,Dewayne Dedmon\dedmode01,2021-22,32,MIA,NBA,2.1,32,14,562,17.3,0.132,0.292,12.2,27.8,20.1,7.8,1.2,2.9,16,15.3,124,104,1.2,0.9,0.183,-0.2,0.5,0.3,0.3
81,Joe Ingles\inglejo01,2021-22,34,UTA,NBA,2.1,30,6,745,11.9,0.81,0.071,1.8,11.2,6.7,18.6,1,0.5,14.8,12.9,124,110,1.4,0.7,0.134,0.9,0.6,1.5,0.7
82,Cody Martin\martico01,2021-22,26,CHO,NBA,2.1,29,5,799,16,0.34,0.254,5.2,12.1,8.5,12.8,2.4,1.9,9.1,12.8,129,115,1.8,0.3,0.127,1,0.3,1.3,0.7
83,Jakob Poeltl\poeltja01,2021-22,26,SAS,NBA,2.1,23,22,669,19.6,0,0.255,15.1,16.4,15.7,13.3,1.1,4.9,13,17.6,119,109,1.4,0.7,0.15,0.3,0,0.3,0.4
84,Carmelo Anthony\anthoca01,2021-22,37,LAL,NBA,2,32,3,873,14,0.57,0.228,2.8,12.4,7.8,5.3,1.3,2.3,6.3,19.5,112,109,1.1,0.9,0.111,0.4,-0.6,-0.3,0.4
85,Alec Burks\burksal01,2021-22,30,NYK,NBA,2,30,11,816,14.3,0.539,0.353,1.7,14.6,8.1,12.9,2,0.9,8,18.2,115,111,1.3,0.7,0.117,-0.2,0.4,0.3,0.5
86,Tyus Jones\jonesty01,2021-22,25,MEM,NBA,2,31,12,665,16.4,0.376,0.134,1.3,12.2,6.6,27.3,2,0.3,10.1,15,124,112,1.5,0.5,0.145,1,0.3,1.3,0.5
87,Derrick White\whitede01,2021-22,27,SAS,NBA,2,30,30,930,15.5,0.45,0.246,1.8,10.9,6.3,21.7,1.9,2.4,10.1,20.4,111,110,1.2,0.8,0.102,0.3,0.3,0.6,0.6
88,Hassan Whiteside\whiteha01,2021-22,32,UTA,NBA,2,28,0,426,22,0,0.434,16.6,29.9,23.6,2.8,0.7,7.5,15.2,19.4,123,100,1.1,0.9,0.229,-0.8,1.4,0.6,0.3
89,Bam Adebayo\adebaba01,2021-22,24,MIA,NBA,1.9,18,18,592,19.6,0.004,0.461,9.4,25.2,17.4,16.1,1.7,1.1,15.3,26,111,105,0.9,0.9,0.152,0.9,1,1.9,0.6
90,Jae Crowder\crowdja01,2021-22,31,PHO,NBA,1.9,30,30,837,10.6,0.671,0.169,1.6,15.5,8.8,6.4,1.9,1.6,9.9,14.6,106,103,0.4,1.5,0.106,-1.5,1.9,0.5,0.5
91,Josh Hart\hartjo01,2021-22,26,NOP,NBA,1.9,25,24,797,15.1,0.284,0.327,4,20.4,12,20.3,1.4,0.9,16,15.4,118,112,1.3,0.6,0.115,-0.2,0.6,0.4,0.5
92,Gordon Hayward\haywago01,2021-22,31,CHO,NBA,1.9,32,32,1079,16.4,0.343,0.29,2.5,12.8,7.5,16.3,1.1,1.7,10.9,21.6,115,118,1.9,0,0.085,1.2,-2,-0.8,0.3
93,Jaren Jackson\jacksja02,2021-22,22,MEM,NBA,1.9,31,31,841,17.1,0.446,0.278,4.2,16.8,10.4,5.5,1.6,6.3,10,25.5,108,107,0.9,1.1,0.111,-0.3,-0.1,-0.4,0.3
94,Cameron Johnson\johnsca02,2021-22,25,PHO,NBA,1.9,30,0,730,13,0.638,0.146,1.9,14.4,8.4,6.9,1.6,1,7.5,17.3,111,105,0.8,1.2,0.126,0.5,1,1.4,0.6
95,Patty Mills\millspa02,2021-22,33,BRK,NBA,1.9,30,16,905,13,0.67,0.076,1.1,5.9,3.6,12,1,0.7,8.6,17.9,114,112,1.3,0.7,0.102,1.1,-1.2,-0.1,0.4
96,Cedi Osman\osmande01,2021-22,26,CLE,NBA,1.9,26,0,583,16.3,0.651,0.177,2.1,10.6,6.5,12.6,2.3,1.2,9.1,20.6,115,104,1,0.9,0.156,1.8,1.9,3.7,0.8
97,Dwight Powell\poweldw01,2021-22,30,DAL,NBA,1.9,30,27,578,14.7,0.186,0.434,10.8,14.7,12.7,8.5,1,2.2,14.1,12.1,130,109,1.3,0.6,0.16,-1.2,0.1,-1.1,0.1
98,Patrick Beverley\beverpa01,2021-22,33,MIN,NBA,1.8,22,18,583,15.2,0.522,0.186,4.7,13.5,8.9,26.1,1.7,3.4,12.6,14.3,122,109,1.2,0.6,0.148,0.7,1.9,2.6,0.7
99,Shai Gilgeous-Alexander\gilgesh01,2021-22,23,OKC,NBA,1.8,27,27,947,18.1,0.35,0.337,1.7,12.5,7,26.6,1.4,1.8,9.8,28.4,107,111,1,0.8,0.092,1.7,-0.3,1.5,0.8
100,Monte Morris\morrimo01,2021-22,26,DEN,NBA,1.8,30,30,899,14.8,0.39,0.07,0.9,9.1,5,21.7,1.3,0.5,10.1,18.7,114,113,1.3,0.5,0.099,0.2,-1,-0.8,0.3
101,Otto Porter\porteot01,2021-22,28,GSW,NBA,1.8,26,0,516,14.6,0.667,0.122,4,21.6,13.1,7.4,1.9,2.3,8.9,15.1,117,100,0.7,1.1,0.168,0.8,1.9,2.7,0.6
102,Norman Powell\powelno01,2021-22,28,POR,NBA,1.8,28,28,902,16,0.398,0.328,1,8.6,4.7,10.5,1.4,1.3,9.4,22.6,114,116,1.6,0.2,0.097,0.9,-1.6,-0.7,0.3
103,Marcus Smart\smartma01,2021-22,27,BOS,NBA,1.8,31,31,1059,12.3,0.467,0.252,1.8,10.5,6.1,23.1,3,0.7,15,16.3,105,107,0.5,1.3,0.081,-2.3,1.6,-0.7,0.3
104,Grant Williams\willigr01,2021-22,23,BOS,NBA,1.8,28,9,618,13.1,0.693,0.219,2.7,13.7,8.2,6.8,0.9,2.6,10.7,11.9,130,110,1.2,0.6,0.143,0.3,0.6,0.8,0.4
105,Larry Nance\nancela02,2021-22,29,POR,NBA,1.7,32,6,706,14.7,0.325,0.255,7.5,20.8,14.1,11,2.3,1.6,13,12.4,120,111,1.1,0.6,0.116,-0.1,0.8,0.7,0.5
106,Julius Randle\randlju01,2021-22,27,NYK,NBA,1.7,31,31,1102,16.8,0.331,0.3,5,24.7,14.7,25,1,1.7,15.8,27.6,104,109,0.6,1.1,0.074,0.9,-0.3,0.6,0.7
107,Christian Wood\woodch01,2021-22,26,HOU,NBA,1.7,30,30,946,17.2,0.346,0.329,6.9,30.7,18.9,11.4,0.9,3,10.4,23.7,106,110,0.8,0.9,0.084,0.5,-1.1,-0.6,0.3
108,Andre Drummond\drumman01,2021-22,28,PHI,NBA,1.6,29,11,571,18.7,0.007,0.385,16.9,35.5,26.3,14.5,2.6,4.9,22.7,17.2,107,101,0.4,1.2,0.135,-1.5,1.7,0.2,0.3
109,Anthony Edwards\edwaran01,2021-22,20,MIN,NBA,1.6,28,28,1006,16.6,0.463,0.189,3.3,14.1,8.5,17.1,2.1,2,13.8,27.4,104,109,0.5,1.1,0.078,1.7,-0.1,1.6,0.9
110,Tim Hardaway\hardati02,2021-22,29,DAL,NBA,1.6,29,20,919,13.3,0.563,0.179,1.3,12.8,6.9,12,1.6,0.4,4.3,21.5,107,110,0.7,0.8,0.081,-0.2,-0.5,-0.7,0.3
111,Keldon Johnson\johnske04,2021-22,22,SAS,NBA,1.6,29,29,892,14.8,0.263,0.251,4,18.5,11.1,8,1.4,0.4,8.9,20.4,109,111,0.9,0.7,0.087,-0.1,-1.2,-1.3,0.2
112,Ricky Rubio\rubiori01,2021-22,31,CLE,NBA,1.6,32,6,910,13.5,0.432,0.26,1.6,13.1,7.5,34.4,2.4,0.5,17.3,24.1,101,104,0.1,1.5,0.084,-1.1,1.1,0,0.5
113,Max Strus\strusma01,2021-22,25,MIA,NBA,1.6,25,1,547,14.4,0.727,0.155,1.9,15.1,8.5,7.6,0.8,0.4,6.3,18,121,110,1.1,0.5,0.138,1.7,-0.6,1.1,0.4
114,Mo Bamba\bambamo01,2021-22,23,ORL,NBA,1.5,27,27,774,16,0.437,0.101,8.6,23.4,15.9,9.4,1.3,7.2,12.8,16.5,107,107,0.5,1,0.094,-0.7,1.2,0.5,0.5
115,Nemanja Bjelica\bjeline01,2021-22,33,GSW,NBA,1.5,31,0,455,16.2,0.463,0.228,7.5,20.3,14.2,16.8,2.2,2.2,16.4,20.3,110,100,0.5,1,0.159,0.3,2,2.3,0.5
116,Luka Dončić\doncilu01,2021-22,22,DAL,NBA,1.5,21,21,735,22,0.391,0.26,2.4,23,12.4,45.6,1.5,1.4,16.2,36.2,104,107,0.5,0.9,0.096,4.5,0.4,4.9,1.3
117,Danilo Gallinari\gallida01,2021-22,33,ATL,NBA,1.5,26,0,568,14.8,0.508,0.269,2.7,16.7,9.8,8.6,1.1,1,5.3,17.5,121,114,1.2,0.3,0.123,1.3,-0.9,0.5,0.4
118,Tobias Harris\harrito02,2021-22,29,PHI,NBA,1.5,22,22,761,17.5,0.265,0.244,3.4,21,12.3,16.3,0.5,1.4,8.7,24.6,109,112,1,0.5,0.095,1.2,-1.4,-0.3,0.3
119,Brandon Ingram\ingrabr01,2021-22,24,NOP,NBA,1.5,25,25,892,18.1,0.263,0.281,2.3,17.1,9.5,25,0.9,0.9,11.9,29.4,108,114,1.1,0.4,0.08,2.5,-1.3,1.2,0.7
120,Derrick Jones\jonesde02,2021-22,24,CHI,NBA,1.5,23,2,412,16.2,0.257,0.356,8,13,10.4,4.1,1.4,4.5,9.3,13.7,130,107,1,0.5,0.177,-0.3,1.1,0.7,0.3
121,Lauri Markkanen\markkla01,2021-22,24,CLE,NBA,1.5,23,23,697,12.7,0.545,0.175,4.2,14.2,9.4,6.3,1.2,1.3,6,19.8,107,106,0.5,1,0.103,-0.4,0.1,-0.4,0.3
122,T.J. McConnell\mccontj01,2021-22,29,IND,NBA,1.5,24,6,581,16.1,0.138,0.083,3.6,11.4,7.6,29.2,2.1,1.3,13,16.2,116,110,1,0.6,0.126,-0.1,1.5,1.3,0.5
123,Josh Richardson\richajo01,2021-22,28,BOS,NBA,1.5,22,0,555,14.1,0.446,0.243,2.5,9.8,6.1,8.3,1.4,1.7,7.6,16.7,119,110,1,0.5,0.126,0.2,0.3,0.5,0.4
124,Duncan Robinson\robindu01,2021-22,27,MIA,NBA,1.5,32,32,912,10.2,0.814,0.078,1.5,12,6.8,7.9,1.3,1,7,18.1,107,109,0.6,0.9,0.079,-0.8,-0.2,-0.9,0.2
125,D'Angelo Russell\russeda01,2021-22,25,MIN,NBA,1.5,26,26,852,15.8,0.525,0.221,1.3,11.6,6.2,32.2,1.4,1.9,12.5,26.7,107,111,0.9,0.7,0.087,2.1,-0.9,1.2,0.7
126,Alperen Şengün\sengual01,2021-22,19,HOU,NBA,1.5,31,2,581,18.5,0.189,0.566,9.9,18.1,14,23.2,2.6,3.9,19.9,22.4,110,109,0.8,0.6,0.12,0,1.4,1.3,0.5
127,Jae'Sean Tate\tateja01,2021-22,26,HOU,NBA,1.5,32,32,880,14.7,0.281,0.268,7,15.6,11.3,18.3,1.6,2,15.2,19.7,109,113,1,0.5,0.082,-0.9,-0.4,-1.3,0.1
128,Franz Wagner\wagnefr01,2021-22,20,ORL,NBA,1.5,32,32,1031,14.4,0.288,0.203,4.1,11.5,7.8,14.7,1.7,1.3,8.9,20.6,108,113,0.9,0.6,0.069,-0.6,-0.5,-1.1,0.2
129,Nicolas Batum\batumni01,2021-22,33,LAC,NBA,1.4,18,15,464,14.4,0.779,0.088,1.9,16.3,9.2,8.4,2.2,2.4,12,12.6,120,104,0.6,0.8,0.146,0.9,2.6,3.5,0.6
130,Brandon Clarke\clarkbr01,2021-22,25,MEM,NBA,1.4,19,0,304,22.6,0.105,0.257,11.3,18,14.6,13.1,1.1,5.2,6.4,17.3,134,109,1.1,0.3,0.22,2.3,0.1,2.4,0.3
131,De'Aaron Fox\foxde01,2021-22,24,SAC,NBA,1.4,29,29,993,17.2,0.234,0.337,1.6,9.8,5.7,24.1,1.9,1.1,12,28.1,106,114,0.9,0.5,0.067,0.5,-0.9,-0.4,0.4
132,George Hill\hillge01,2021-22,35,MIL,NBA,1.4,27,12,712,10.9,0.457,0.213,3.4,10.1,6.8,13,1.4,0.4,14.3,12.6,116,111,0.8,0.6,0.097,-2.1,0.3,-1.8,0
133,Dwight Howard\howardw01,2021-22,36,LAL,NBA,1.4,25,3,378,17.1,0.111,0.639,11.2,25.7,18.6,4.4,2.6,4.1,20,13.1,120,101,0.6,0.8,0.173,-1.1,1.4,0.3,0.2
134,John Konchar\konchjo01,2021-22,25,MEM,NBA,1.4,30,0,467,14.3,0.446,0.196,6.7,17.6,12,10.8,2.3,1,12.3,10.2,130,109,0.9,0.5,0.142,0.1,1.1,1.2,0.4
135,Kenyon Martin\martike04,2021-22,21,HOU,NBA,1.4,31,0,563,16.6,0.281,0.265,4.9,15.6,10.3,12.1,1.1,2.3,6.8,16.7,122,114,1.2,0.3,0.122,1.4,-0.7,0.7,0.4
136,Khris Middleton\middlkh01,2021-22,30,MIL,NBA,1.4,22,22,678,16.7,0.415,0.277,2.2,16.7,9.5,25.2,1.7,0.4,15,27.4,106,108,0.6,0.8,0.098,0.6,-0.4,0.3,0.4
137,Isaac Okoro\okorois01,2021-22,21,CLE,NBA,1.4,23,19,663,10.6,0.41,0.258,5.2,9.7,7.5,8.6,1.5,0.8,11.2,14.7,110,107,0.6,0.9,0.104,-2.2,1,-1.2,0.1
138,Kelly Oubre\oubreke01,2021-22,26,CHO,NBA,1.4,33,10,958,15.5,0.568,0.164,3.9,11.1,7.4,6.7,1.8,1,6.9,22.4,111,117,1.3,0.1,0.069,0.9,-2.3,-1.4,0.1
139,Derrick Rose\rosede01,2021-22,33,NYK,NBA,1.4,26,4,636,17.7,0.336,0.113,3.5,9.7,6.6,27.4,1.7,1.8,11.9,22.6,112,112,1,0.4,0.106,2.7,-0.7,2,0.6
140,Pascal Siakam\siakapa01,2021-22,27,TOR,NBA,1.4,17,17,586,18,0.226,0.289,5.6,18.8,11.9,17.3,0.9,2.3,11,24.7,111,110,0.9,0.5,0.117,1.3,-0.5,0.8,0.4
141,Isaiah Stewart\stewais01,2021-22,20,DET,NBA,1.4,28,28,729,13.8,0.073,0.266,10.4,25.6,17.5,6.9,0.8,3.9,14.7,13.7,111,109,0.7,0.8,0.095,-2.7,-0.4,-3.1,-0.2
142,Devin Vassell\vassede01,2021-22,21,SAS,NBA,1.4,25,1,612,15.2,0.476,0.124,3.4,13.4,8.3,8.1,2,2.7,6.1,18.2,112,109,0.7,0.6,0.107,0.4,-0.1,0.3,0.4
143,Russell Westbrook\westbru01,2021-22,33,LAL,NBA,1.4,32,32,1152,16,0.23,0.334,3.8,18.4,11.4,35.9,1.6,0.7,19.9,27.8,101,108,0,1.4,0.059,-0.2,-0.5,-0.7,0.3
144,Kyle Anderson\anderky01,2021-22,28,MEM,NBA,1.3,28,3,615,15.2,0.276,0.224,4.4,22.5,13.2,16.6,2.5,2.4,10.8,17.7,108,106,0.5,0.8,0.103,-0.3,1.2,0.8,0.4
145,Deni Avdija\avdijde01,2021-22,21,WAS,NBA,1.3,31,2,672,12.5,0.457,0.229,4,20.2,12.3,8.5,1.6,2.9,10.3,14.3,109,108,0.5,0.8,0.092,-1.6,1.3,-0.3,0.3
146,Jaylen Brown\brownja02,2021-22,25,BOS,NBA,1.3,18,18,592,18.8,0.42,0.269,2.3,15.2,8.7,14.4,1.8,1.3,12.3,29.4,107,108,0.6,0.7,0.105,2.7,0.2,2.9,0.7
147,Jordan Clarkson\clarkjo01,2021-22,29,UTA,NBA,1.3,30,0,752,14.4,0.623,0.137,3.5,10.2,7,12.7,1.4,0.8,7.9,27.5,105,109,0.5,0.8,0.083,0.3,-1.4,-1.2,0.2
148,Luguentz Dort\dortlu01,2021-22,22,OKC,NBA,1.3,28,28,911,13.6,0.554,0.231,2.3,10.3,6.3,9.2,1.3,1,9.9,22.6,107,112,0.7,0.6,0.07,-0.8,-1,-1.8,0.1
149,Paul George\georgpa01,2021-22,31,LAC,NBA,1.3,26,26,924,18.3,0.39,0.21,1.3,19.5,10.6,27.4,2.8,0.9,15.2,34,98,102,-0.4,1.7,0.068,1.4,1.4,2.8,1.1
150,Devonte' Graham\grahade01,2021-22,26,NOP,NBA,1.3,29,29,904,13.3,0.67,0.151,1.8,7,4.3,21.9,1.9,0.4,11.1,20,109,115,0.9,0.4,0.068,0.7,-1.3,-0.7,0.3
151,Jerami Grant\grantje01,2021-22,27,DET,NBA,1.3,24,24,797,17,0.332,0.382,3,13.5,7.9,14.1,1.7,3.1,10.3,26.8,106,110,0.6,0.7,0.081,1.3,-0.4,0.9,0.6
152,Jeff Green\greenje02,2021-22,35,DEN,NBA,1.3,30,21,755,11.4,0.348,0.381,1.8,11.7,6.8,7,0.5,1.7,11.2,16.4,112,113,0.8,0.4,0.081,-2.3,-1.4,-3.6,-0.3
153,DeAndre Jordan\jordade01,2021-22,33,LAL,NBA,1.3,26,18,350,17.9,0,0.188,12.7,32.1,22.7,3.4,1.2,6,18,13,122,101,0.6,0.7,0.177,-1.7,1,-0.6,0.1
154,Nassir Little\littlna01,2021-22,21,POR,NBA,1.3,27,8,639,14.2,0.465,0.314,6.4,19.1,12.7,6.8,1.5,3.3,11.7,15.2,115,112,0.9,0.5,0.101,-0.7,-0.2,-0.9,0.2
155,Caleb Martin\martica02,2021-22,26,MIA,NBA,1.3,23,2,450,15,0.393,0.267,4.8,13.4,9.1,7.4,2.2,3.1,7.9,16.2,117,106,0.7,0.7,0.141,0.3,0.9,1.2,0.4
156,De'Anthony Melton\meltode01,2021-22,23,MEM,NBA,1.3,29,13,698,14.8,0.528,0.138,4,14.1,9,16.3,3.3,2.5,13.6,19.9,104,106,0.3,1,0.086,-0.2,1.4,1.2,0.6
157,Mike Muscala\muscami01,2021-22,30,OKC,NBA,1.3,23,0,323,20.4,0.667,0.333,3.1,19.6,11.2,6.4,1.1,3.2,6.5,20.7,126,109,0.9,0.4,0.192,4.1,0.4,4.5,0.5
158,Dennis Schröder\schrode01,2021-22,28,BOS,NBA,1.3,29,18,938,13.8,0.318,0.249,1.9,9.6,5.7,23.1,1.3,0.2,13.7,24.1,105,112,0.6,0.7,0.068,-1.1,-1.2,-2.3,-0.1
159,Obi Toppin\toppiob01,2021-22,23,NYK,NBA,1.3,26,0,413,19.9,0.277,0.313,8,18.3,13.1,10.2,1.1,3.7,11.3,22.7,116,110,0.9,0.4,0.146,1.4,-0.1,1.3,0.4
160,Juan Toscano-Anderson\toscaju01,2021-22,28,GSW,NBA,1.3,30,2,485,12.1,0.348,0.259,4.7,15.2,10.1,17.9,1.9,2.2,21.4,14.2,109,102,0.4,0.9,0.129,-1.9,2.1,0.2,0.3
161,OG Anunoby\anunoog01,2021-22,24,TOR,NBA,1.2,16,16,588,16,0.421,0.154,4.2,11.6,7.7,11.5,2,1.5,8.2,23.2,110,111,0.7,0.5,0.101,1.4,-0.8,0.7,0.4
162,Will Barton\bartowi01,2021-22,31,DEN,NBA,1.2,26,26,846,14.6,0.468,0.098,2.3,15.1,8.7,19.2,1.3,1.3,10.8,22.1,105,111,0.5,0.7,0.066,1.1,-0.6,0.5,0.5
163,Bradley Beal\bealbr01,2021-22,28,WAS,NBA,1.2,28,28,1005,17.7,0.275,0.231,3.2,10.7,7.1,28.8,1.1,0.8,13.6,31.4,104,113,0.6,0.6,0.055,1.9,-1.5,0.4,0.6
164,DeAndre' Bembry\bembrde01,2021-22,27,BRK,NBA,1.2,26,11,509,11.6,0.198,0.189,4.1,13.2,8.8,7.9,2.2,2.3,13.6,11.9,113,106,0.4,0.7,0.113,-2.4,1.7,-0.7,0.2
165,Eric Bledsoe\bledser01,2021-22,32,LAC,NBA,1.2,32,23,847,12.4,0.35,0.241,2.6,12.8,7.8,20.9,2.2,1.1,17.7,19,100,106,0,1.2,0.069,-2.1,1.2,-0.9,0.2
166,Bruce Brown\brownbr01,2021-22,25,BRK,NBA,1.2,24,14,539,12,0.162,0.11,7,13,10.1,7.1,2.7,1.7,8.5,14.2,108,105,0.3,0.8,0.104,-2.7,1.7,-1,0.1
167,Facundo Campazzo\campafa01,2021-22,30,DEN,NBA,1.2,29,0,594,12.6,0.647,0.196,1.9,8.2,5.1,22.3,2.4,1.7,15.3,14.8,112,110,0.6,0.6,0.099,-1.4,0.5,-0.8,0.2
168,Javonte Green\greenja02,2021-22,28,CHI,NBA,1.2,25,14,536,11.3,0.27,0.234,8.2,13.9,11,5.5,1.8,1.5,11.6,11.3,117,108,0.6,0.6,0.11,-2,0.3,-1.7,0
169,Andre Iguodala\iguodan01,2021-22,38,GSW,NBA,1.2,16,0,323,14.1,0.621,0.152,4.2,13.7,9.1,25.2,1.8,3.6,12.4,10.8,125,102,0.6,0.6,0.18,0.6,3.5,4.1,0.5
170,Maxi Kleber\klebima01,2021-22,30,DAL,NBA,1.2,20,3,472,12.8,0.719,0.202,5.4,22.1,13.5,6.1,0.7,3.1,8.1,12.8,119,108,0.7,0.6,0.124,-0.2,0.5,0.3,0.3
171,Damion Lee\leeda03,2021-22,29,GSW,NBA,1.2,25,2,521,10.8,0.489,0.176,1.7,13.9,8.1,6.6,1,0.6,7.3,17,110,105,0.5,0.8,0.114,-2,-0.1,-2.1,0
172,Garrison Mathews\mathega01,2021-22,25,HOU,NBA,1.2,19,14,550,12.6,0.832,0.311,2.6,11.3,7,3.8,1.2,1.5,5.7,15,123,115,1,0.2,0.103,0,-1.9,-1.9,0
173,Mason Plumlee\plumlma01,2021-22,31,CHO,NBA,1.2,24,24,604,14.3,0.009,0.5,10,20.6,15.1,14.3,1.5,3.5,16.5,11.9,119,113,0.9,0.3,0.097,-1.4,0.8,-0.6,0.2
174,Naz Reid\reidna01,2021-22,22,MIN,NBA,1.2,29,1,465,17,0.36,0.31,7.8,15,11.2,7.4,1.6,5.3,10.6,22.9,110,107,0.6,0.6,0.123,-0.1,0.3,0.2,0.3
175,Landry Shamet\shamela01,2021-22,24,PHO,NBA,1.2,29,7,606,10.4,0.672,0.176,1.3,9.9,5.7,10.3,0.8,0.3,6.8,16.8,109,108,0.5,0.7,0.097,-0.6,-0.1,-0.7,0.2
176,Nikola Vučević\vucevni01,2021-22,31,CHI,NBA,1.2,22,22,728,15.7,0.316,0.105,5.7,29.3,17.4,16.2,1.3,2.8,8.4,23.5,101,105,0,1.1,0.077,-0.2,0.3,0,0.4
177,Dean Wade\wadede01,2021-22,25,CLE,NBA,1.2,22,14,456,9.8,0.663,0.102,3.7,13.6,8.8,7.6,1.4,0.2,7.2,10.6,119,106,0.5,0.6,0.123,-1.6,1.5,-0.1,0.2
178,Kenrich Williams\willike04,2021-22,27,OKC,NBA,1.2,27,0,560,13.5,0.361,0.215,5.9,12,8.9,14.4,2.3,0.8,10.8,15,112,110,0.6,0.6,0.099,-1.6,1.1,-0.5,0.2
179,Cole Anthony\anthoco01,2021-22,21,ORL,NBA,1.1,23,23,785,16.3,0.462,0.232,1.7,17.3,9.5,28.6,1.2,0.5,14.2,26.7,106,113,0.6,0.4,0.065,1.5,-1,0.5,0.5
180,Khem Birch\birchkh01,2021-22,29,TOR,NBA,1.1,15,3,344,16.9,0.075,0.413,14.3,12.2,13.3,8.1,2.2,2,8.7,12.9,128,110,0.8,0.3,0.158,0.5,0,0.5,0.2
181,Kentavious Caldwell-Pope\caldwke01,2021-22,28,WAS,NBA,1.1,31,31,906,11.6,0.554,0.139,2.1,10.8,6.6,8.2,2.1,1,10.3,17.3,104,111,0.3,0.8,0.06,-1.4,0.4,-1,0.2
182,Buddy Hield\hieldbu01,2021-22,29,SAC,NBA,1.1,33,6,980,13.7,0.724,0.133,2.7,11.6,7.1,10.8,1.5,0.8,10.2,23.4,106,114,0.7,0.4,0.055,1.7,-1.5,0.1,0.5
183,CJ McCollum\mccolcj01,2021-22,30,POR,NBA,1.1,24,24,848,16.7,0.435,0.111,3.5,9.5,6.5,21.4,1.5,1.9,8.9,26.7,107,115,0.8,0.3,0.064,2.1,-2,0.2,0.5
184,Immanuel Quickley\quickim01,2021-22,22,NYK,NBA,1.1,29,1,633,13.4,0.614,0.209,2,9.7,5.8,18.5,1.5,0.3,10.5,21.2,111,114,0.8,0.3,0.087,-0.4,-1.1,-1.5,0.1
185,Gabe Vincent\vincega01,2021-22,25,MIA,NBA,1.1,29,7,595,12.1,0.606,0.136,2.5,7.5,5,19.7,1.9,1.3,17,18.9,107,109,0.5,0.6,0.088,-1.3,0,-1.2,0.1
186,Kemba Walker\walkeke02,2021-22,31,NYK,NBA,1.1,20,20,518,15.9,0.514,0.17,1,11.5,6.2,20.1,1.9,0.9,10.3,22.2,111,112,0.7,0.4,0.1,1.5,-0.2,1.3,0.4
187,Cody Zeller\zelleco01,2021-22,29,POR,NBA,1.1,24,0,319,17.5,0.053,0.618,14.8,23.5,19.1,9.2,1.1,1.8,15,15.6,128,112,0.9,0.2,0.166,-0.8,-1.1,-1.9,0
188,Chris Boucher\bouchch01,2021-22,29,TOR,NBA,1,27,5,428,16.9,0.398,0.256,10.6,21.2,15.6,3.2,1.3,5.5,8,21.4,109,107,0.4,0.6,0.112,-0.7,-1,-1.7,0
189,Torrey Craig\craigto01,2021-22,31,IND,NBA,1,29,1,427,13.1,0.478,0.191,8.4,14,11.2,8,1.3,1.4,12,14.5,117,111,0.6,0.3,0.11,-0.9,0,-0.9,0.1
190,Derrick Favors\favorde01,2021-22,30,OKC,NBA,1,24,11,399,15,0.08,0.144,8.8,22.3,15.5,6.6,1.5,1.2,4.3,15.1,115,108,0.5,0.5,0.117,-1.7,-0.2,-1.9,0
191,Tyler Herro\herroty01,2021-22,22,MIA,NBA,1,26,7,843,15.5,0.385,0.141,2.6,15,8.8,20.2,0.8,0.3,13.7,30.1,102,110,0.2,0.8,0.058,1.7,-1.7,0.1,0.4
192,Herb Jones\joneshe01,2021-22,23,NOP,NBA,1,29,20,791,10.4,0.182,0.227,4.4,9.1,6.7,9.4,2.4,3.1,14.2,12.2,107,111,0.4,0.7,0.064,-3.2,1,-2.2,-0.1
193,Malik Monk\monkma01,2021-22,23,LAL,NBA,1,28,2,666,12.1,0.583,0.11,1.8,10.1,6.1,13.6,1.4,1,13.1,17.7,107,110,0.4,0.6,0.074,-0.9,-0.5,-1.4,0.1
194,Georges Niang\niangge01,2021-22,28,PHI,NBA,1,28,5,662,12.5,0.597,0.13,1,10.6,5.9,9.6,1.2,1.1,8.4,18.9,110,113,0.7,0.3,0.073,-0.6,-1,-1.7,0.1
195,P.J. Washington\washipj01,2021-22,23,CHO,NBA,1,20,3,500,15.7,0.565,0.188,5.3,16.5,10.7,11.9,1.3,4.2,11.5,17.6,115,115,0.8,0.2,0.093,1.2,-0.9,0.2,0.3
196,Thaddeus Young\youngth01,2021-22,33,SAS,NBA,1,22,0,311,20.3,0.027,0.159,11,14.4,12.7,25,3.1,1.7,15.4,19.5,115,107,0.6,0.4,0.148,1.6,1.6,3.1,0.4
197,Malik Beasley\beaslma01,2021-22,25,MIN,NBA,0.9,31,3,815,10.6,0.736,0.072,1.2,11.8,6.3,10.4,1.1,0.6,6.6,19.6,105,112,0.4,0.5,0.053,-0.4,-1.2,-1.6,0.1
198,Bogdan Bogdanović\bogdabo01,2021-22,29,ATL,NBA,0.9,21,20,585,12.5,0.553,0.077,1.3,12,6.7,12.5,1.3,0.6,7.7,17.4,113,115,0.7,0.2,0.075,0,-0.6,-0.6,0.2
199,Dillon Brooks\brookdi01,2021-22,26,MEM,NBA,0.9,18,17,520,16.4,0.311,0.233,2.8,10.6,6.6,15.7,2,0.4,9.2,29.9,107,112,0.5,0.4,0.084,-0.3,-1.3,-1.6,0.1
200,Spencer Dinwiddie\dinwisp01,2021-22,28,WAS,NBA,0.9,26,26,762,13.1,0.44,0.237,2.8,15.4,9.2,25.7,0.8,0.4,11.8,21.4,105,113,0.5,0.5,0.059,-0.5,-0.7,-1.2,0.1
201,Evan Fournier\fournev01,2021-22,29,NYK,NBA,0.9,31,31,898,12.1,0.577,0.116,1.7,8.4,5,9.8,1.6,0.8,9.9,20.7,105,114,0.5,0.5,0.05,-0.8,-1.3,-2.1,0
202,Danny Green\greenda02,2021-22,34,PHI,NBA,0.9,24,18,597,11.6,0.86,0.056,2.8,9.4,6.1,7.1,3,3.2,14.1,13,106,108,0.3,0.7,0.075,-0.8,1.5,0.7,0.4
203,Blake Griffin\griffbl01,2021-22,32,BRK,NBA,0.9,22,20,486,10.8,0.517,0.238,5.7,17.8,12,13.8,1.3,2,7.4,15.7,105,106,0.2,0.7,0.086,-2.7,0.7,-2.1,0
204,Kevin Huerter\huertke01,2021-22,23,ATL,NBA,0.9,28,18,774,11.4,0.51,0.055,1.6,11.3,6.5,13.8,0.8,0.8,12.5,16.7,110,116,0.7,0.2,0.056,-0.7,-1.2,-1.8,0
205,Caris LeVert\leverca01,2021-22,27,IND,NBA,0.9,24,24,698,15.3,0.306,0.174,1.9,8.6,5.3,18.6,1.6,1.5,9.2,26.4,104,112,0.4,0.5,0.062,0,-1.1,-1.1,0.2
206,Jalen McDaniels\mcdanja01,2021-22,24,CHO,NBA,0.9,26,0,434,14.2,0.523,0.312,4.2,19.5,11.6,7.7,1.3,2.2,12.1,13.8,123,115,0.8,0.2,0.104,-0.5,-0.7,-1.2,0.1
207,Shake Milton\miltosh01,2021-22,25,PHI,NBA,0.9,25,6,636,13.9,0.311,0.199,2.3,11.2,6.8,17.9,1.4,1.4,10.3,20.9,107,113,0.5,0.4,0.067,-0.9,-0.6,-1.5,0.1
208,Nerlens Noel\noelne01,2021-22,27,NYK,NBA,0.9,17,10,393,12.1,0.047,0.419,10,17.1,13.5,4.9,2.3,6.1,22.8,7.4,119,106,0.4,0.6,0.114,-2.7,2,-0.7,0.1
209,Cam Reddish\reddica01,2021-22,22,ATL,NBA,0.9,26,1,600,14.5,0.46,0.254,3.5,8.7,6.1,6.4,2.1,1.1,9.7,22.5,109,113,0.6,0.3,0.075,0.2,-1,-0.7,0.2
210,Xavier Tillman\tillmxa01,2021-22,23,MEM,NBA,0.9,25,0,371,16,0.264,0.327,9.3,15.1,12.1,12.6,3.8,2.8,13.1,16.4,110,105,0.3,0.6,0.119,-0.7,2,1.3,0.3
211,Robert Covington\covinro01,2021-22,31,POR,NBA,0.8,32,26,887,9.6,0.722,0.015,2.7,17.4,10,6.1,2.2,4.2,13.8,11.8,99,110,-0.1,0.9,0.042,-2.3,1.1,-1.2,0.2
212,Hamidou Diallo\diallha01,2021-22,23,DET,NBA,0.8,23,6,408,14.8,0.196,0.261,5,15.3,9.9,7.7,2.3,2,10.5,18.1,109,109,0.4,0.4,0.094,-1.5,0.5,-1,0.1
213,Chris Duarte\duartch01,2021-22,24,IND,NBA,0.8,30,22,862,12.1,0.446,0.136,2.3,13.5,8,10.9,1.7,0.4,11.6,21.4,101,111,0.1,0.7,0.043,-1.4,-0.7,-2.1,0
214,Drew Eubanks\eubandr01,2021-22,24,SAS,NBA,0.8,29,8,391,15.7,0.047,0.458,9,24.5,16.7,12.4,1.2,5.2,21.4,17.8,107,106,0.3,0.5,0.1,-2.5,0.9,-1.6,0
215,Eric Gordon\gordoer01,2021-22,33,HOU,NBA,0.8,27,16,797,13.7,0.497,0.247,0.8,5.6,3.3,18.6,1,1.7,17.3,20.6,108,117,0.8,0,0.048,0.9,-2.4,-1.5,0.1
216,Kyle Kuzma\kuzmaky01,2021-22,26,WAS,NBA,0.8,29,29,937,12.3,0.495,0.176,3.3,22.6,13.2,13.2,1,1.8,13.2,19.5,100,110,-0.1,0.9,0.043,-1,-0.1,-1.1,0.2
217,Trey Lyles\lylestr01,2021-22,26,DET,NBA,0.8,30,0,498,14.4,0.429,0.364,7.4,20.2,13.4,9.5,0.9,1.5,11.2,20.8,108,112,0.5,0.4,0.082,-0.5,-1.3,-1.8,0
218,Svi Mykhailiuk\mykhasv01,2021-22,24,TOR,NBA,0.8,29,4,517,11.5,0.567,0.14,3.2,12.7,7.7,8.9,1.9,0.6,11.2,17,108,111,0.4,0.4,0.073,-1.3,-0.3,-1.6,0.1
219,Jeremiah Robinson-Earl\robinje02,2021-22,21,OKC,NBA,0.8,30,22,660,11.3,0.49,0.161,7.6,19.3,13.4,5.9,1.1,1,11.6,15.3,104,110,0.2,0.6,0.061,-2.3,-0.8,-3.1,-0.2
220,Terry Rozier\roziete01,2021-22,27,CHO,NBA,0.8,24,24,763,15,0.477,0.147,1.9,10.2,5.9,15.3,1.8,1.4,7.4,22.6,108,117,0.7,0.1,0.05,0.8,-1.6,-0.8,0.2
221,Tristan Thompson\thomptr01,2021-22,30,SAC,NBA,0.8,25,3,412,17.1,0.007,0.378,17.7,21.3,19.5,6.6,1,1.8,13.5,19.8,111,112,0.5,0.3,0.096,-0.6,-2.3,-2.9,-0.1
222,Matisse Thybulle\thybuma01,2021-22,24,PHI,NBA,0.8,24,9,587,10.6,0.522,0.07,2.1,7.7,4.9,5.8,3.7,4.2,16.3,11,100,107,0,0.8,0.063,-2.9,3.1,0.2,0.3
223,Avery Bradley\bradlav01,2021-22,31,LAL,NBA,0.7,26,21,599,7.7,0.594,0.014,2.2,9.2,5.8,4.5,1.7,0.9,8.9,11.3,103,110,0.1,0.6,0.053,-3.3,0.4,-2.9,-0.1
224,Rudy Gay\gayru01,2021-22,35,UTA,NBA,0.7,16,0,306,13.7,0.65,0.188,5.2,20.8,13.4,7.4,1.1,0.8,10,19.9,111,107,0.3,0.4,0.116,0.2,-0.7,-0.5,0.1
225,Joe Harris\harrijo01,2021-22,30,BRK,NBA,0.7,14,14,423,9.9,0.71,0.048,1.3,12.3,7,4.7,0.8,0.4,11.2,14.7,110,110,0.3,0.4,0.079,-0.9,-0.7,-1.6,0
226,Justin Holiday\holidju01,2021-22,32,IND,NBA,0.7,26,17,715,9,0.742,0.072,1.2,9.7,5.6,8.3,0.9,1,8.3,16.2,105,113,0.3,0.4,0.046,-1.6,-0.8,-2.4,-0.1
227,James Johnson\johnsja01,2021-22,34,BRK,NBA,0.7,18,2,327,11,0.203,0.177,5.7,16.8,11.5,14.8,1.3,1.9,11.4,12.8,111,107,0.3,0.4,0.104,-2.2,1.1,-1.1,0.1
228,Cory Joseph\josepco01,2021-22,30,DET,NBA,0.7,26,5,553,11.2,0.341,0.333,1.3,8.8,4.8,24.9,1.8,0.8,19.3,14.9,107,113,0.3,0.3,0.059,-2.7,-0.1,-2.8,-0.1
229,Jeremy Lamb\lambje01,2021-22,29,IND,NBA,0.7,25,0,349,14.5,0.507,0.292,2.9,16.9,9.9,12.8,1.6,2,6.9,21.8,109,109,0.4,0.4,0.099,0.4,-0.2,0.1,0.2
230,Jaden McDaniels\mcdanja02,2021-22,21,MIN,NBA,0.7,28,12,717,7.5,0.463,0.101,5.2,13.5,9.1,4.8,1.8,1.8,11.3,12.9,99,109,-0.1,0.7,0.044,-4.7,0.3,-4.4,-0.4
231,Doug McDermott\mcderdo01,2021-22,30,SAS,NBA,0.7,22,22,552,11.5,0.548,0.067,1.7,7.9,4.8,7.2,0.3,0.3,6.5,17.7,112,116,0.6,0.1,0.063,-0.1,-2.7,-2.8,-0.1
232,Anfernee Simons\simonan01,2021-22,22,POR,NBA,0.7,28,3,669,13.3,0.526,0.11,2.5,9.4,5.9,13.8,0.8,0.6,9.8,22.1,109,117,0.7,0.1,0.053,0.2,-2.5,-2.3,0
233,Delon Wright\wrighde01,2021-22,29,ATL,NBA,0.7,28,1,426,11.9,0.333,0.244,5.4,14.3,9.9,18.3,2.2,1.1,18.8,10.9,113,112,0.4,0.3,0.08,-0.9,1.1,0.2,0.2
234,Armoni Brooks\brookar01,2021-22,23,HOU,NBA,0.6,27,7,454,11.8,0.819,0.088,1.7,10.1,6,12.1,1.8,1.5,7.3,18,108,114,0.4,0.2,0.059,-0.5,-1.3,-1.8,0
235,Ayo Dosunmu\dosunay01,2021-22,22,CHI,NBA,0.6,25,2,447,10.4,0.339,0.157,2.9,10,6.4,9.1,1.1,1,13.4,14.6,108,111,0.3,0.3,0.07,-2.1,-0.2,-2.3,0
236,Wayne Ellington\ellinwa01,2021-22,34,LAL,NBA,0.6,24,6,521,8.1,0.933,0.037,1,6.9,4,5,1.3,0.3,8,12.3,108,112,0.3,0.4,0.058,-1.7,-0.3,-2,0
237,Rodney Hood\hoodro01,2021-22,29,MIL,NBA,0.6,25,0,400,7.9,0.614,0.136,2.9,11.7,7.3,6.6,1,0.3,5.1,10.5,112,112,0.3,0.3,0.072,-2.6,-0.3,-2.9,-0.1
238,Reggie Jackson\jacksre01,2021-22,31,LAC,NBA,0.6,31,31,1012,12.2,0.474,0.11,1.9,9,5.5,20.9,1,0.4,10.5,26.3,98,110,-0.3,0.9,0.029,-0.8,-1.5,-2.3,-0.1
239,Tre Jones\jonestr01,2021-22,22,SAS,NBA,0.6,28,0,312,13.1,0.087,0.163,3.3,14.3,8.8,22.4,1.5,0,14,15.6,111,112,0.3,0.2,0.087,-2.2,0,-2.2,0
240,Romeo Langford\langfro01,2021-22,22,BOS,NBA,0.6,25,2,465,8.8,0.425,0.142,5.5,13.6,9.5,4,1.2,1.2,9.1,12.4,105,110,0.2,0.4,0.061,-2.3,0.1,-2.2,0
241,Alex Len\lenal01,2021-22,28,SAC,NBA,0.6,21,7,356,12.7,0.158,0.379,7.4,19.2,13.3,8.4,0.7,4.9,17.8,16,108,111,0.3,0.3,0.074,-3.4,0.3,-3.1,-0.1
242,Austin Reaves\reaveau01,2021-22,23,LAL,NBA,0.6,17,0,335,9.3,0.603,0.25,1.6,11.3,6.6,7.3,0.6,0.5,13.7,11.2,119,112,0.4,0.2,0.092,-2.5,-0.5,-3,-0.1
243,Daniel Theis\theisda01,2021-22,29,HOU,NBA,0.6,20,18,457,12.1,0.438,0.226,5.5,19,12.4,5.4,0.9,2.7,14.2,16.3,107,113,0.3,0.3,0.059,-1.6,-0.6,-2.2,0
244,Moritz Wagner\wagnemo01,2021-22,24,ORL,NBA,0.6,26,0,303,14.9,0.619,0.331,4.9,18.4,11.5,11,0.6,1.5,12.9,22,112,113,0.4,0.2,0.095,0.2,-0.9,-0.8,0.1
245,Precious Achiuwa\achiupr01,2021-22,22,TOR,NBA,0.5,22,17,579,10.8,0.143,0.184,8.7,25.3,16.6,8.2,1,2,10.6,17.6,97,108,-0.2,0.6,0.038,-3.1,-1,-4.1,-0.3
246,Thanasis Antetokounmpo\antetth01,2021-22,29,MIL,NBA,0.5,24,5,315,10,0.118,0.289,9.1,15.5,12.3,8.3,1.8,1.6,16.6,14,104,107,0.1,0.4,0.075,-4.6,0.5,-4,-0.2
247,Dalano Banton\bantoda01,2021-22,22,TOR,NBA,0.5,27,0,342,12.1,0.208,0.25,5.4,14.9,9.9,19.9,1.6,1.4,20.2,16.8,105,111,0.2,0.3,0.063,-2.1,0,-2.1,0
248,RJ Barrett\barrerj01,2021-22,21,NYK,NBA,0.5,25,25,784,12,0.399,0.258,2.7,16.7,9.6,10.8,0.7,0.9,10.2,23.2,101,113,0.1,0.4,0.034,-1.1,-1.8,-2.9,-0.2
249,Saddiq Bey\beysa01,2021-22,22,DET,NBA,0.5,30,30,970,11.4,0.491,0.178,5.2,15.2,9.9,12.7,1.5,0.5,8.6,20.6,99,112,-0.1,0.7,0.026,-1.1,-1.5,-2.6,-0.1
250,Oshae Brissett\brissos01,2021-22,23,IND,NBA,0.5,21,0,338,12.1,0.485,0.131,5.6,16.4,11.1,5.1,1.9,1.3,14,15.7,105,109,0.2,0.4,0.071,-0.8,-0.1,-1,0.1
251,Bryn Forbes\forbebr01,2021-22,28,SAS,NBA,0.5,29,0,426,13.7,0.516,0.148,0.7,8.3,4.4,7.7,1.2,0.4,11.8,22,107,114,0.3,0.2,0.061,0.3,-1.9,-1.6,0
252,Bones Hyland\hylanbo01,2021-22,21,DEN,NBA,0.5,21,0,349,14.2,0.631,0.178,1.3,10.7,6.1,14,2.1,1.3,10.1,24.2,104,110,0.2,0.3,0.072,-0.6,-0.5,-1.1,0.1
253,Frank Jackson\jacksfr01,2021-22,23,DET,NBA,0.5,30,2,663,10.6,0.625,0.18,1.4,5.9,3.5,7,1,0.8,8.3,20.4,104,115,0.3,0.2,0.034,-1.2,-1.9,-3.1,-0.2
254,Chimezie Metu\metuch01,2021-22,24,SAC,NBA,0.5,20,15,489,13.1,0.446,0.192,3.9,25.4,14.6,6.2,1.9,2.9,9.9,18.4,100,109,0,0.5,0.05,-1.3,0,-1.3,0.1
255,Marcus Morris\morrima03,2021-22,32,LAC,NBA,0.5,13,13,386,11.9,0.446,0.14,1.7,15,8.5,10.1,0.9,0.9,9.7,20.9,102,108,0.1,0.4,0.067,-0.9,-0.9,-1.7,0
256,Raul Neto\netora01,2021-22,29,WAS,NBA,0.5,30,0,607,11.6,0.248,0.229,0.9,10.2,5.7,19.4,1.9,0.1,13.5,19.7,101,112,0,0.4,0.037,-3.3,-0.3,-3.6,-0.3
257,Garrett Temple\templga01,2021-22,35,NOP,NBA,0.5,30,9,542,9.9,0.626,0.173,4.1,13,8.5,8.3,2.4,2.6,14.8,13.9,101,110,0,0.5,0.046,-2.6,0.5,-2.2,0
258,Lonnie Walker\walkelo01,2021-22,23,SAS,NBA,0.5,29,3,651,12.4,0.495,0.148,1,12.8,6.8,14.9,1.3,1.1,9.4,22.8,101,112,0,0.4,0.037,-1.2,-1.5,-2.6,-0.1
259,D.J. Augustin\augusdj01,2021-22,34,HOU,NBA,0.4,28,2,414,11.1,0.701,0.252,1.3,6.5,3.9,22.9,1,0,23.2,15.9,110,118,0.4,0,0.046,-0.5,-2.9,-3.4,-0.2
260,Josh Christopher\chrisjo01,2021-22,20,HOU,NBA,0.4,24,1,324,13.9,0.364,0.245,4.1,8.9,6.5,19.1,2.2,0.6,19.8,19.9,107,114,0.3,0.1,0.058,-0.3,-1.6,-1.9,0
261,Gary Harris\harriga01,2021-22,27,ORL,NBA,0.4,25,15,682,9.8,0.463,0.182,3.2,6.4,4.8,11.3,1.3,0.5,11.7,15.7,105,116,0.3,0.1,0.031,-2.7,-1.3,-4,-0.4
262,Aaron Holiday\holidaa01,2021-22,25,WAS,NBA,0.4,30,8,482,11.1,0.277,0.155,0.9,9.7,5.4,16.2,1.6,1.4,14.9,18,102,112,0.1,0.4,0.043,-3,0.2,-2.8,-0.1
263,Ty Jerome\jeromty01,2021-22,24,OKC,NBA,0.4,23,1,306,13.2,0.559,0.228,2,6.8,4.3,14.8,2.2,0.9,9.1,21.7,105,111,0.2,0.2,0.064,-1.6,0,-1.7,0
264,Davion Mitchell\mitchda01,2021-22,23,SAC,NBA,0.4,29,1,744,10.7,0.4,0.105,2.4,8.2,5.3,20.4,1.4,0.7,9.4,18.7,103,116,0.2,0.2,0.026,-2,-1.2,-3.2,-0.2
265,Trey Murphy III\murphtr02,2021-22,21,NOP,NBA,0.4,30,0,401,8.9,0.73,0.104,4.8,12.4,8.5,6,1.1,0.9,7.7,13.9,108,115,0.2,0.2,0.048,-1.8,-1.7,-3.5,-0.2
266,Jordan Nwora\nworajo01,2021-22,23,MIL,NBA,0.4,27,4,521,11.4,0.486,0.08,4.5,17.3,11,8.8,1,2.1,12.7,20.7,98,109,-0.1,0.6,0.041,-1.7,-1.2,-2.9,-0.1
267,Cameron Payne\payneca01,2021-22,27,PHO,NBA,0.4,25,0,501,12.6,0.352,0.23,2.2,13.9,8.3,25,1.7,1.4,16,27.5,96,104,-0.4,0.8,0.042,-2,0.7,-1.3,0.1
268,Taurean Prince\princta02,2021-22,27,MIN,NBA,0.4,24,8,370,8,0.673,0.208,3,11.7,7.1,7.3,1.3,1.3,10.5,13.9,104,111,0.1,0.3,0.05,-3.1,-0.3,-3.3,-0.1
269,Keita Bates-Diop\bateske01,2021-22,26,SAS,NBA,0.3,23,5,318,10.3,0.227,0.24,6.5,19.4,12.9,4.4,1.5,2.2,17,13.4,100,109,0,0.3,0.047,-3.5,-0.5,-4,-0.2
